UserId,PoisName,EnterTime,ExitTime,Duration
1,Finestra Pub,2020-10-01 15:56:13,2020-10-01 16:12:34,0 days 00:16:21
1,Statue before BAIS Faculty,2020-10-01 16:51:08,2020-10-01 16:59:49,0 days 00:08:41
1,Information Technology Center,2020-10-01 17:46:04,2020-10-01 18:54:03,0 days 01:07:59
1,Chinese Bar,2020-10-01 19:13:31,2020-10-01 22:08:18,0 days 02:54:47
1,Bridge,2020-10-01 22:45:27,2020-10-02 00:19:46,0 days 01:34:19
1,Main Library,2020-10-02 11:05:54,2020-10-02 11:46:38,0 days 00:40:44
1,Information Technology Center,2020-10-03 14:00:59,2020-10-03 14:06:36,0 days 00:05:37
1,Chinese Bar,2020-10-04 10:31:50,2020-10-04 11:28:48,0 days 00:56:58
1,Chinese Bar,2020-10-05 13:46:34,2020-10-05 14:51:44,0 days 01:05:10
1,Main Library,2020-10-06 10:17:21,2020-10-06 11:21:25,0 days 01:04:04
1,Chinese Bar,2020-10-07 11:03:02,2020-10-07 11:57:49,0 days 00:54:47
1,Information Technology Center,2020-10-08 13:11:49,2020-10-08 16:10:28,0 days 02:58:39
1,Main Library,2020-10-09 14:30:08,2020-10-09 16:01:57,0 days 01:31:49
1,Chinese Bar,2020-10-10 11:51:38,2020-10-10 11:51:55,0 days 00:00:17
1,Main Library,2020-10-11 12:22:42,2020-10-11 13:13:06,0 days 00:50:24
1,Cafeteria,2020-10-12 14:52:52,2020-10-12 16:45:44,0 days 01:52:52
1,Dean's office,2020-10-13 11:20:52,2020-10-13 11:40:47,0 days 00:19:55
1,Information Technology Center,2020-10-14 15:16:28,2020-10-14 15:44:54,0 days 00:28:26
1,Chinese Bar,2020-10-15 09:52:22,2020-10-15 10:02:02,0 days 00:09:40
1,Bridge,2020-10-16 07:40:18,2020-10-16 08:14:05,0 days 00:33:47
1,Bridge,2020-10-17 08:06:51,2020-10-17 09:36:46,0 days 01:29:55
1,Cafeteria,2020-10-18 07:41:03,2020-10-18 08:29:18,0 days 00:48:15
1,Main Library,2020-10-19 12:56:10,2020-10-19 13:53:12,0 days 00:57:02
1,Information Technology Center,2020-10-20 11:55:21,2020-10-20 12:21:44,0 days 00:26:23
1,Cafeteria,2020-10-21 09:51:46,2020-10-21 11:02:29,0 days 01:10:43
1,Bridge,2020-10-22 13:17:17,2020-10-22 14:25:36,0 days 01:08:19
1,Chinese Bar,2020-10-23 09:55:10,2020-10-23 09:56:07,0 days 00:00:57
1,Dean's office,2020-10-24 11:57:30,2020-10-24 12:15:47,0 days 00:18:17
1,Information Technology Center,2020-10-25 08:26:42,2020-10-25 08:54:14,0 days 00:27:32
1,Main Library,2020-10-26 09:28:48,2020-10-26 09:38:46,0 days 00:09:58
1,Sports bay,2020-10-27 12:33:58,2020-10-27 13:08:48,0 days 00:34:50
1,Finestra Pub,2020-10-28 11:34:20,2020-10-28 11:41:07,0 days 00:06:47
1,Main Library,2020-10-29 08:04:31,2020-10-29 08:20:17,0 days 00:15:46
1,Main Library,2020-10-30 09:48:08,2020-10-30 11:14:39,0 days 01:26:31
1,Main Library,2020-10-31 10:21:57,2020-10-31 10:46:23,0 days 00:24:26
1,Bridge,2020-11-01 15:29:05,2020-11-01 15:46:23,0 days 00:17:18
1,Main Library,2020-11-02 12:42:31,2020-11-02 14:20:48,0 days 01:38:17
1,Chinese Bar,2020-11-03 09:21:15,2020-11-03 11:07:37,0 days 01:46:22
1,Park,2020-11-04 10:51:12,2020-11-04 11:32:02,0 days 00:40:50
1,Finestra Pub,2020-11-05 10:41:04,2020-11-05 11:14:21,0 days 00:33:17
1,Bridge,2020-11-06 10:42:52,2020-11-06 11:01:14,0 days 00:18:22
1,Bridge,2020-11-07 12:00:28,2020-11-07 14:56:01,0 days 02:55:33
1,Cafeteria,2020-11-08 12:49:41,2020-11-08 13:48:06,0 days 00:58:25
1,Sports bay,2020-11-09 10:52:06,2020-11-09 11:39:58,0 days 00:47:52
1,Park,2020-11-10 14:44:02,2020-11-10 15:07:24,0 days 00:23:22
1,Dean's office,2020-11-11 11:14:33,2020-11-11 12:57:50,0 days 01:43:17
1,Finestra Pub,2020-11-12 10:43:06,2020-11-12 11:24:09,0 days 00:41:03
1,Main Library,2020-11-13 15:45:55,2020-11-13 16:23:23,0 days 00:37:28
1,Finestra Pub,2020-11-14 10:10:51,2020-11-14 12:06:57,0 days 01:56:06
1,Finestra Pub,2020-11-15 12:35:05,2020-11-15 13:00:00,0 days 00:24:55
1,Main Library,2020-11-16 09:38:01,2020-11-16 10:37:01,0 days 00:59:00
1,Chinese Bar,2020-11-17 15:39:15,2020-11-17 15:56:34,0 days 00:17:19
1,Bridge,2020-11-18 10:30:40,2020-11-18 11:00:05,0 days 00:29:25
1,Sports bay,2020-11-19 08:32:42,2020-11-19 08:46:02,0 days 00:13:20
1,Finestra Pub,2020-11-20 09:01:00,2020-11-20 11:18:07,0 days 02:17:07
1,Statue before BAIS Faculty,2020-11-21 13:58:55,2020-11-21 15:14:59,0 days 01:16:04
1,Cafeteria,2020-11-22 15:32:32,2020-11-22 15:45:55,0 days 00:13:23
1,Finestra Pub,2020-11-23 08:52:13,2020-11-23 09:23:01,0 days 00:30:48
1,Main Library,2020-11-24 10:56:38,2020-11-24 11:04:10,0 days 00:07:32
1,Bridge,2020-11-25 09:25:44,2020-11-25 10:15:40,0 days 00:49:56
1,Cafeteria,2020-11-26 15:31:45,2020-11-26 16:03:30,0 days 00:31:45
1,Dean's office,2020-11-27 09:39:45,2020-11-27 09:57:55,0 days 00:18:10
1,Bridge,2020-11-28 14:45:34,2020-11-28 15:19:35,0 days 00:34:01
1,Bridge,2020-11-29 12:58:58,2020-11-29 13:24:02,0 days 00:25:04
1,Dean's office,2020-11-30 07:08:23,2020-11-30 08:07:29,0 days 00:59:06
1,Park,2020-12-01 15:57:59,2020-12-01 16:38:23,0 days 00:40:24
2,Statue before BAIS Faculty,2020-10-01 11:17:56,2020-10-01 12:27:41,0 days 01:09:45
2,Information Technology Center,2020-10-02 10:18:42,2020-10-02 11:02:49,0 days 00:44:07
2,Information Technology Center,2020-10-03 09:19:15,2020-10-03 11:27:23,0 days 02:08:08
2,Finestra Pub,2020-10-04 12:15:52,2020-10-04 12:38:42,0 days 00:22:50
2,Sports bay,2020-10-05 07:26:28,2020-10-05 07:45:19,0 days 00:18:51
2,Chinese Bar,2020-10-06 09:37:32,2020-10-06 09:53:26,0 days 00:15:54
2,Information Technology Center,2020-10-07 13:41:25,2020-10-07 14:15:08,0 days 00:33:43
2,Park,2020-10-08 10:23:28,2020-10-08 13:19:02,0 days 02:55:34
2,Finestra Pub,2020-10-09 07:01:55,2020-10-09 07:14:32,0 days 00:12:37
2,Dean's office,2020-10-10 12:33:19,2020-10-10 13:32:15,0 days 00:58:56
2,Cafeteria,2020-10-11 07:01:55,2020-10-11 07:56:13,0 days 00:54:18
2,Finestra Pub,2020-10-12 11:43:18,2020-10-12 12:41:14,0 days 00:57:56
2,Information Technology Center,2020-10-13 12:06:22,2020-10-13 13:41:05,0 days 01:34:43
2,Statue before BAIS Faculty,2020-10-14 08:21:53,2020-10-14 09:14:10,0 days 00:52:17
2,Statue before BAIS Faculty,2020-10-15 08:52:30,2020-10-15 09:51:46,0 days 00:59:16
2,Sports bay,2020-10-16 09:29:30,2020-10-16 09:32:36,0 days 00:03:06
2,Dean's office,2020-10-17 15:42:58,2020-10-17 15:50:33,0 days 00:07:35
2,Chinese Bar,2020-10-18 07:33:18,2020-10-18 08:34:39,0 days 01:01:21
2,Finestra Pub,2020-10-19 14:53:49,2020-10-19 17:11:47,0 days 02:17:58
2,Dean's office,2020-10-20 10:33:59,2020-10-20 11:05:35,0 days 00:31:36
2,Cafeteria,2020-10-21 09:01:04,2020-10-21 11:45:21,0 days 02:44:17
2,Bridge,2020-10-22 10:30:36,2020-10-22 10:56:34,0 days 00:25:58
2,Sports bay,2020-10-23 13:45:07,2020-10-23 14:12:38,0 days 00:27:31
2,Finestra Pub,2020-10-24 08:36:53,2020-10-24 08:58:43,0 days 00:21:50
2,Bridge,2020-10-25 15:08:34,2020-10-25 16:20:18,0 days 01:11:44
2,Finestra Pub,2020-10-26 14:01:46,2020-10-26 14:09:38,0 days 00:07:52
2,Finestra Pub,2020-10-27 13:38:48,2020-10-27 13:51:16,0 days 00:12:28
2,Chinese Bar,2020-10-28 10:54:22,2020-10-28 11:28:26,0 days 00:34:04
2,Cafeteria,2020-10-29 08:27:59,2020-10-29 10:11:23,0 days 01:43:24
2,Bridge,2020-10-30 07:29:31,2020-10-30 09:37:20,0 days 02:07:49
2,Finestra Pub,2020-10-31 07:14:52,2020-10-31 07:20:55,0 days 00:06:03
2,Sports bay,2020-11-01 08:26:07,2020-11-01 09:41:18,0 days 01:15:11
2,Finestra Pub,2020-11-02 13:39:58,2020-11-02 13:56:08,0 days 00:16:10
2,Bridge,2020-11-03 14:12:48,2020-11-03 14:33:36,0 days 00:20:48
2,Cafeteria,2020-11-04 10:32:38,2020-11-04 12:07:10,0 days 01:34:32
2,Statue before BAIS Faculty,2020-11-05 13:41:59,2020-11-05 13:49:10,0 days 00:07:11
2,Finestra Pub,2020-11-06 15:16:15,2020-11-06 15:24:21,0 days 00:08:06
2,Information Technology Center,2020-11-07 13:56:03,2020-11-07 14:23:00,0 days 00:26:57
2,Statue before BAIS Faculty,2020-11-08 14:46:55,2020-11-08 15:14:29,0 days 00:27:34
2,Main Library,2020-11-09 12:34:12,2020-11-09 13:00:22,0 days 00:26:10
2,Main Library,2020-11-10 12:16:21,2020-11-10 12:22:33,0 days 00:06:12
2,Statue before BAIS Faculty,2020-11-11 11:30:45,2020-11-11 11:54:34,0 days 00:23:49
2,Bridge,2020-11-12 14:53:17,2020-11-12 16:50:31,0 days 01:57:14
2,Statue before BAIS Faculty,2020-11-13 11:24:20,2020-11-13 11:38:22,0 days 00:14:02
2,Bridge,2020-11-14 09:25:42,2020-11-14 10:30:55,0 days 01:05:13
2,Main Library,2020-11-15 13:43:33,2020-11-15 14:47:49,0 days 01:04:16
2,Sports bay,2020-11-16 12:09:49,2020-11-16 12:24:25,0 days 00:14:36
2,Chinese Bar,2020-11-17 07:55:59,2020-11-17 08:11:41,0 days 00:15:42
2,Park,2020-11-18 15:53:00,2020-11-18 16:08:47,0 days 00:15:47
2,Information Technology Center,2020-11-19 10:06:27,2020-11-19 10:13:37,0 days 00:07:10
2,Information Technology Center,2020-11-20 15:12:58,2020-11-20 15:51:18,0 days 00:38:20
2,Dean's office,2020-11-21 07:26:25,2020-11-21 09:13:47,0 days 01:47:22
2,Sports bay,2020-11-22 14:21:49,2020-11-22 14:51:48,0 days 00:29:59
2,Dean's office,2020-11-23 08:24:04,2020-11-23 08:42:49,0 days 00:18:45
2,Chinese Bar,2020-11-24 08:48:58,2020-11-24 10:29:32,0 days 01:40:34
2,Statue before BAIS Faculty,2020-11-25 15:23:12,2020-11-25 15:33:59,0 days 00:10:47
2,Statue before BAIS Faculty,2020-11-26 14:21:09,2020-11-26 15:08:35,0 days 00:47:26
2,Main Library,2020-11-27 14:26:52,2020-11-27 16:25:47,0 days 01:58:55
2,Information Technology Center,2020-11-28 15:13:32,2020-11-28 15:34:36,0 days 00:21:04
2,Dean's office,2020-11-29 09:19:57,2020-11-29 10:02:41,0 days 00:42:44
2,Information Technology Center,2020-11-30 10:55:44,2020-11-30 11:47:05,0 days 00:51:21
2,Sports bay,2020-12-01 09:15:33,2020-12-01 10:28:44,0 days 01:13:11
3,Sports bay,2020-10-01 11:04:37,2020-10-01 11:49:27,0 days 00:44:50
3,Bridge,2020-10-02 09:38:54,2020-10-02 10:51:50,0 days 01:12:56
3,Bridge,2020-10-03 13:16:49,2020-10-03 13:44:36,0 days 00:27:47
3,Statue before BAIS Faculty,2020-10-04 11:14:40,2020-10-04 13:04:57,0 days 01:50:17
3,Cafeteria,2020-10-05 15:00:06,2020-10-05 15:14:05,0 days 00:13:59
3,Bridge,2020-10-06 15:41:24,2020-10-06 16:06:06,0 days 00:24:42
3,Information Technology Center,2020-10-07 15:14:51,2020-10-07 16:09:34,0 days 00:54:43
3,Finestra Pub,2020-10-08 09:35:06,2020-10-08 10:11:35,0 days 00:36:29
3,Sports bay,2020-10-09 13:04:33,2020-10-09 13:20:58,0 days 00:16:25
3,Information Technology Center,2020-10-10 15:54:37,2020-10-10 16:24:22,0 days 00:29:45
3,Dean's office,2020-10-11 11:56:55,2020-10-11 14:24:36,0 days 02:27:41
3,Cafeteria,2020-10-12 08:15:16,2020-10-12 08:15:28,0 days 00:00:12
3,Cafeteria,2020-10-13 08:26:38,2020-10-13 10:17:01,0 days 01:50:23
3,Finestra Pub,2020-10-14 14:37:21,2020-10-14 14:45:47,0 days 00:08:26
3,Statue before BAIS Faculty,2020-10-15 13:20:12,2020-10-15 13:49:32,0 days 00:29:20
3,Sports bay,2020-10-16 14:10:48,2020-10-16 14:50:19,0 days 00:39:31
3,Dean's office,2020-10-17 08:29:28,2020-10-17 10:16:59,0 days 01:47:31
3,Park,2020-10-18 15:36:11,2020-10-18 16:33:30,0 days 00:57:19
3,Finestra Pub,2020-10-19 10:55:45,2020-10-19 11:21:09,0 days 00:25:24
3,Park,2020-10-20 10:57:01,2020-10-20 11:46:21,0 days 00:49:20
3,Sports bay,2020-10-21 11:05:03,2020-10-21 11:19:29,0 days 00:14:26
3,Chinese Bar,2020-10-22 07:41:16,2020-10-22 10:06:20,0 days 02:25:04
3,Statue before BAIS Faculty,2020-10-23 11:17:53,2020-10-23 11:18:01,0 days 00:00:08
3,Main Library,2020-10-24 13:04:49,2020-10-24 13:27:44,0 days 00:22:55
3,Sports bay,2020-10-25 15:28:54,2020-10-25 16:12:21,0 days 00:43:27
3,Chinese Bar,2020-10-26 15:30:08,2020-10-26 15:31:59,0 days 00:01:51
3,Park,2020-10-27 12:18:38,2020-10-27 12:50:15,0 days 00:31:37
3,Chinese Bar,2020-10-28 14:50:41,2020-10-28 15:56:55,0 days 01:06:14
3,Dean's office,2020-10-29 10:10:50,2020-10-29 12:25:56,0 days 02:15:06
3,Dean's office,2020-10-30 11:58:04,2020-10-30 14:12:01,0 days 02:13:57
3,Main Library,2020-10-31 14:47:04,2020-10-31 15:42:10,0 days 00:55:06
3,Park,2020-11-01 09:56:07,2020-11-01 10:16:20,0 days 00:20:13
3,Finestra Pub,2020-11-02 08:52:31,2020-11-02 09:48:00,0 days 00:55:29
3,Statue before BAIS Faculty,2020-11-03 15:45:48,2020-11-03 17:39:58,0 days 01:54:10
3,Park,2020-11-04 07:28:13,2020-11-04 08:58:47,0 days 01:30:34
3,Chinese Bar,2020-11-05 07:50:35,2020-11-05 08:04:44,0 days 00:14:09
3,Sports bay,2020-11-06 09:04:15,2020-11-06 10:10:10,0 days 01:05:55
3,Dean's office,2020-11-07 14:55:06,2020-11-07 15:36:16,0 days 00:41:10
3,Information Technology Center,2020-11-08 12:29:02,2020-11-08 14:22:54,0 days 01:53:52
3,Cafeteria,2020-11-09 12:13:38,2020-11-09 12:39:13,0 days 00:25:35
3,Information Technology Center,2020-11-10 12:52:39,2020-11-10 14:48:34,0 days 01:55:55
3,Sports bay,2020-11-11 11:36:48,2020-11-11 11:50:08,0 days 00:13:20
3,Cafeteria,2020-11-12 09:53:25,2020-11-12 10:46:41,0 days 00:53:16
3,Finestra Pub,2020-11-13 07:24:49,2020-11-13 08:41:15,0 days 01:16:26
3,Cafeteria,2020-11-14 15:27:07,2020-11-14 16:34:50,0 days 01:07:43
3,Bridge,2020-11-15 12:26:47,2020-11-15 12:34:40,0 days 00:07:53
3,Sports bay,2020-11-16 15:42:17,2020-11-16 17:09:43,0 days 01:27:26
3,Finestra Pub,2020-11-17 08:02:44,2020-11-17 09:27:28,0 days 01:24:44
3,Sports bay,2020-11-18 14:59:34,2020-11-18 15:25:04,0 days 00:25:30
3,Sports bay,2020-11-19 15:37:44,2020-11-19 17:19:07,0 days 01:41:23
3,Chinese Bar,2020-11-20 14:09:23,2020-11-20 14:34:20,0 days 00:24:57
3,Information Technology Center,2020-11-21 08:10:01,2020-11-21 10:33:31,0 days 02:23:30
3,Park,2020-11-22 12:19:38,2020-11-22 12:39:11,0 days 00:19:33
3,Statue before BAIS Faculty,2020-11-23 15:40:00,2020-11-23 15:44:06,0 days 00:04:06
3,Sports bay,2020-11-24 08:18:59,2020-11-24 10:52:15,0 days 02:33:16
3,Finestra Pub,2020-11-25 13:36:18,2020-11-25 15:32:25,0 days 01:56:07
3,Information Technology Center,2020-11-26 13:50:22,2020-11-26 15:31:16,0 days 01:40:54
3,Sports bay,2020-11-27 10:16:24,2020-11-27 11:10:11,0 days 00:53:47
3,Bridge,2020-11-28 15:10:39,2020-11-28 15:45:30,0 days 00:34:51
3,Statue before BAIS Faculty,2020-11-29 08:02:24,2020-11-29 09:01:55,0 days 00:59:31
3,Sports bay,2020-11-30 14:24:42,2020-11-30 15:25:42,0 days 01:01:00
3,Sports bay,2020-12-01 13:05:11,2020-12-01 14:25:29,0 days 01:20:18
4,Park,2020-10-01 08:28:18,2020-10-01 09:17:37,0 days 00:49:19
4,Bridge,2020-10-02 07:54:36,2020-10-02 08:50:29,0 days 00:55:53
4,Cafeteria,2020-10-03 12:12:09,2020-10-03 13:21:16,0 days 01:09:07
4,Chinese Bar,2020-10-04 07:11:37,2020-10-04 07:29:09,0 days 00:17:32
4,Park,2020-10-05 13:40:17,2020-10-05 14:37:31,0 days 00:57:14
4,Sports bay,2020-10-06 09:49:16,2020-10-06 10:32:29,0 days 00:43:13
4,Statue before BAIS Faculty,2020-10-07 13:30:53,2020-10-07 14:29:52,0 days 00:58:59
4,Sports bay,2020-10-08 08:20:13,2020-10-08 08:48:50,0 days 00:28:37
4,Park,2020-10-09 12:13:08,2020-10-09 13:02:43,0 days 00:49:35
4,Main Library,2020-10-10 07:18:18,2020-10-10 08:41:49,0 days 01:23:31
4,Information Technology Center,2020-10-11 11:16:44,2020-10-11 14:16:17,0 days 02:59:33
4,Cafeteria,2020-10-12 13:52:50,2020-10-12 15:38:03,0 days 01:45:13
4,Information Technology Center,2020-10-13 09:23:57,2020-10-13 10:24:13,0 days 01:00:16
4,Chinese Bar,2020-10-14 08:12:40,2020-10-14 09:37:45,0 days 01:25:05
4,Bridge,2020-10-15 10:42:16,2020-10-15 12:40:54,0 days 01:58:38
4,Sports bay,2020-10-16 13:44:32,2020-10-16 14:47:26,0 days 01:02:54
4,Main Library,2020-10-17 08:26:49,2020-10-17 10:06:44,0 days 01:39:55
4,Chinese Bar,2020-10-18 07:31:21,2020-10-18 08:24:58,0 days 00:53:37
4,Statue before BAIS Faculty,2020-10-19 10:57:07,2020-10-19 12:29:34,0 days 01:32:27
4,Finestra Pub,2020-10-20 12:48:35,2020-10-20 15:07:11,0 days 02:18:36
4,Main Library,2020-10-21 10:15:34,2020-10-21 11:58:22,0 days 01:42:48
4,Finestra Pub,2020-10-22 09:07:03,2020-10-22 09:37:08,0 days 00:30:05
4,Chinese Bar,2020-10-23 12:57:51,2020-10-23 14:25:12,0 days 01:27:21
4,Dean's office,2020-10-24 09:11:16,2020-10-24 09:54:35,0 days 00:43:19
4,Park,2020-10-25 10:19:20,2020-10-25 10:26:52,0 days 00:07:32
4,Dean's office,2020-10-26 12:10:05,2020-10-26 12:39:10,0 days 00:29:05
4,Cafeteria,2020-10-27 11:18:35,2020-10-27 11:56:24,0 days 00:37:49
4,Park,2020-10-28 12:46:02,2020-10-28 12:47:09,0 days 00:01:07
4,Cafeteria,2020-10-29 09:38:50,2020-10-29 10:11:19,0 days 00:32:29
4,Bridge,2020-10-30 12:19:01,2020-10-30 13:52:14,0 days 01:33:13
4,Main Library,2020-10-31 12:09:29,2020-10-31 13:35:30,0 days 01:26:01
4,Dean's office,2020-11-01 09:04:49,2020-11-01 09:59:50,0 days 00:55:01
4,Statue before BAIS Faculty,2020-11-02 14:32:01,2020-11-02 17:07:40,0 days 02:35:39
4,Bridge,2020-11-03 09:07:46,2020-11-03 09:14:27,0 days 00:06:41
4,Statue before BAIS Faculty,2020-11-04 11:29:18,2020-11-04 12:44:20,0 days 01:15:02
4,Main Library,2020-11-05 15:36:32,2020-11-05 16:37:02,0 days 01:00:30
4,Statue before BAIS Faculty,2020-11-06 15:40:16,2020-11-06 18:34:51,0 days 02:54:35
4,Cafeteria,2020-11-07 15:25:13,2020-11-07 15:38:18,0 days 00:13:05
4,Cafeteria,2020-11-08 13:47:05,2020-11-08 15:56:35,0 days 02:09:30
4,Dean's office,2020-11-09 10:06:51,2020-11-09 10:36:49,0 days 00:29:58
4,Sports bay,2020-11-10 15:27:24,2020-11-10 15:29:31,0 days 00:02:07
4,Park,2020-11-11 15:05:03,2020-11-11 15:35:23,0 days 00:30:20
4,Sports bay,2020-11-12 07:58:20,2020-11-12 08:35:40,0 days 00:37:20
4,Chinese Bar,2020-11-13 07:28:20,2020-11-13 08:26:27,0 days 00:58:07
4,Sports bay,2020-11-14 11:10:53,2020-11-14 12:03:38,0 days 00:52:45
4,Sports bay,2020-11-15 10:47:48,2020-11-15 11:23:32,0 days 00:35:44
4,Sports bay,2020-11-16 08:43:55,2020-11-16 09:52:17,0 days 01:08:22
4,Statue before BAIS Faculty,2020-11-17 11:59:57,2020-11-17 14:57:44,0 days 02:57:47
4,Bridge,2020-11-18 08:26:27,2020-11-18 09:08:51,0 days 00:42:24
4,Sports bay,2020-11-19 13:51:20,2020-11-19 14:14:08,0 days 00:22:48
4,Cafeteria,2020-11-20 13:06:11,2020-11-20 15:40:20,0 days 02:34:09
4,Statue before BAIS Faculty,2020-11-21 12:00:29,2020-11-21 14:40:44,0 days 02:40:15
4,Finestra Pub,2020-11-22 15:21:55,2020-11-22 15:46:09,0 days 00:24:14
4,Statue before BAIS Faculty,2020-11-23 15:03:59,2020-11-23 15:13:31,0 days 00:09:32
4,Statue before BAIS Faculty,2020-11-24 08:14:41,2020-11-24 09:31:38,0 days 01:16:57
4,Park,2020-11-25 15:46:23,2020-11-25 17:20:47,0 days 01:34:24
4,Cafeteria,2020-11-26 14:57:28,2020-11-26 16:55:03,0 days 01:57:35
4,Park,2020-11-27 07:05:17,2020-11-27 08:57:34,0 days 01:52:17
4,Information Technology Center,2020-11-28 13:17:01,2020-11-28 13:49:25,0 days 00:32:24
4,Dean's office,2020-11-29 09:01:04,2020-11-29 10:17:48,0 days 01:16:44
4,Statue before BAIS Faculty,2020-11-30 10:47:39,2020-11-30 11:40:51,0 days 00:53:12
4,Sports bay,2020-12-01 09:59:44,2020-12-01 10:12:16,0 days 00:12:32
5,Information Technology Center,2020-10-01 10:01:03,2020-10-01 10:19:10,0 days 00:18:07
5,Finestra Pub,2020-10-02 08:12:06,2020-10-02 08:58:24,0 days 00:46:18
5,Dean's office,2020-10-03 07:01:56,2020-10-03 07:59:18,0 days 00:57:22
5,Finestra Pub,2020-10-04 15:42:39,2020-10-04 15:47:00,0 days 00:04:21
5,Park,2020-10-05 07:00:51,2020-10-05 07:25:44,0 days 00:24:53
5,Park,2020-10-06 09:26:37,2020-10-06 11:33:55,0 days 02:07:18
5,Chinese Bar,2020-10-07 11:50:53,2020-10-07 12:33:50,0 days 00:42:57
5,Chinese Bar,2020-10-08 14:48:52,2020-10-08 16:26:25,0 days 01:37:33
5,Bridge,2020-10-09 15:48:22,2020-10-09 17:15:38,0 days 01:27:16
5,Dean's office,2020-10-10 07:20:17,2020-10-10 07:25:36,0 days 00:05:19
5,Bridge,2020-10-11 12:37:48,2020-10-11 13:09:07,0 days 00:31:19
5,Statue before BAIS Faculty,2020-10-12 08:43:41,2020-10-12 10:33:27,0 days 01:49:46
5,Dean's office,2020-10-13 15:58:28,2020-10-13 16:04:58,0 days 00:06:30
5,Finestra Pub,2020-10-14 12:34:24,2020-10-14 13:36:26,0 days 01:02:02
5,Park,2020-10-15 11:40:04,2020-10-15 12:39:59,0 days 00:59:55
5,Cafeteria,2020-10-16 11:20:17,2020-10-16 11:36:34,0 days 00:16:17
5,Information Technology Center,2020-10-17 15:30:36,2020-10-17 17:07:16,0 days 01:36:40
5,Statue before BAIS Faculty,2020-10-18 11:58:44,2020-10-18 13:46:47,0 days 01:48:03
5,Park,2020-10-19 10:50:52,2020-10-19 11:29:50,0 days 00:38:58
5,Park,2020-10-20 08:57:12,2020-10-20 09:27:17,0 days 00:30:05
5,Dean's office,2020-10-21 12:57:34,2020-10-21 14:51:06,0 days 01:53:32
5,Dean's office,2020-10-22 11:08:46,2020-10-22 12:48:25,0 days 01:39:39
5,Sports bay,2020-10-23 11:49:02,2020-10-23 12:16:41,0 days 00:27:39
5,Park,2020-10-24 12:53:50,2020-10-24 13:29:40,0 days 00:35:50
5,Sports bay,2020-10-25 09:04:00,2020-10-25 09:37:52,0 days 00:33:52
5,Dean's office,2020-10-26 14:36:19,2020-10-26 15:28:20,0 days 00:52:01
5,Sports bay,2020-10-27 13:12:07,2020-10-27 13:37:49,0 days 00:25:42
5,Main Library,2020-10-28 09:23:03,2020-10-28 11:00:41,0 days 01:37:38
5,Cafeteria,2020-10-29 14:04:27,2020-10-29 16:24:36,0 days 02:20:09
5,Bridge,2020-10-30 08:55:22,2020-10-30 09:53:21,0 days 00:57:59
5,Main Library,2020-10-31 07:04:27,2020-10-31 07:31:55,0 days 00:27:28
5,Park,2020-11-01 12:34:49,2020-11-01 14:04:12,0 days 01:29:23
5,Park,2020-11-02 07:49:18,2020-11-02 09:49:04,0 days 01:59:46
5,Dean's office,2020-11-03 12:45:53,2020-11-03 15:16:04,0 days 02:30:11
5,Cafeteria,2020-11-04 13:51:42,2020-11-04 14:14:11,0 days 00:22:29
5,Bridge,2020-11-05 09:59:22,2020-11-05 11:15:29,0 days 01:16:07
5,Finestra Pub,2020-11-06 11:59:08,2020-11-06 13:53:07,0 days 01:53:59
5,Finestra Pub,2020-11-07 09:36:03,2020-11-07 10:14:42,0 days 00:38:39
5,Chinese Bar,2020-11-08 07:45:47,2020-11-08 10:35:50,0 days 02:50:03
5,Cafeteria,2020-11-09 08:44:23,2020-11-09 09:15:14,0 days 00:30:51
5,Bridge,2020-11-10 12:05:02,2020-11-10 14:01:50,0 days 01:56:48
5,Park,2020-11-11 10:08:08,2020-11-11 12:04:30,0 days 01:56:22
5,Cafeteria,2020-11-12 10:52:00,2020-11-12 11:28:39,0 days 00:36:39
5,Park,2020-11-13 15:21:24,2020-11-13 15:51:44,0 days 00:30:20
5,Sports bay,2020-11-14 09:54:10,2020-11-14 10:11:56,0 days 00:17:46
5,Main Library,2020-11-15 12:03:23,2020-11-15 12:08:52,0 days 00:05:29
5,Statue before BAIS Faculty,2020-11-16 11:04:55,2020-11-16 12:47:43,0 days 01:42:48
5,Chinese Bar,2020-11-17 10:21:09,2020-11-17 10:50:01,0 days 00:28:52
5,Cafeteria,2020-11-18 15:43:49,2020-11-18 16:18:34,0 days 00:34:45
5,Information Technology Center,2020-11-19 12:53:01,2020-11-19 14:53:27,0 days 02:00:26
5,Sports bay,2020-11-20 14:20:34,2020-11-20 14:31:05,0 days 00:10:31
5,Main Library,2020-11-21 12:26:38,2020-11-21 14:07:26,0 days 01:40:48
5,Dean's office,2020-11-22 11:03:06,2020-11-22 11:04:12,0 days 00:01:06
5,Park,2020-11-23 10:39:18,2020-11-23 12:05:11,0 days 01:25:53
5,Chinese Bar,2020-11-24 10:18:42,2020-11-24 11:05:21,0 days 00:46:39
5,Cafeteria,2020-11-25 13:15:12,2020-11-25 13:37:26,0 days 00:22:14
5,Chinese Bar,2020-11-26 12:58:32,2020-11-26 15:13:58,0 days 02:15:26
5,Information Technology Center,2020-11-27 10:40:30,2020-11-27 11:40:19,0 days 00:59:49
5,Finestra Pub,2020-11-28 09:53:12,2020-11-28 10:30:12,0 days 00:37:00
5,Dean's office,2020-11-29 14:14:45,2020-11-29 14:31:56,0 days 00:17:11
5,Bridge,2020-11-30 12:10:17,2020-11-30 12:55:07,0 days 00:44:50
5,Chinese Bar,2020-12-01 09:03:46,2020-12-01 09:32:59,0 days 00:29:13
6,Bridge,2020-10-01 12:51:32,2020-10-01 13:21:16,0 days 00:29:44
6,Finestra Pub,2020-10-02 12:51:29,2020-10-02 15:06:11,0 days 02:14:42
6,Chinese Bar,2020-10-03 13:41:23,2020-10-03 14:03:44,0 days 00:22:21
6,Sports bay,2020-10-04 13:15:07,2020-10-04 14:29:35,0 days 01:14:28
6,Statue before BAIS Faculty,2020-10-05 13:39:47,2020-10-05 13:52:37,0 days 00:12:50
6,Chinese Bar,2020-10-06 09:48:06,2020-10-06 11:42:38,0 days 01:54:32
6,Main Library,2020-10-07 11:24:50,2020-10-07 11:58:51,0 days 00:34:01
6,Chinese Bar,2020-10-08 15:19:53,2020-10-08 18:00:33,0 days 02:40:40
6,Statue before BAIS Faculty,2020-10-09 13:06:42,2020-10-09 15:46:09,0 days 02:39:27
6,Sports bay,2020-10-10 15:23:23,2020-10-10 17:03:07,0 days 01:39:44
6,Finestra Pub,2020-10-11 12:59:00,2020-10-11 14:17:35,0 days 01:18:35
6,Main Library,2020-10-12 10:40:57,2020-10-12 11:36:49,0 days 00:55:52
6,Statue before BAIS Faculty,2020-10-13 09:21:22,2020-10-13 10:08:34,0 days 00:47:12
6,Finestra Pub,2020-10-14 08:14:21,2020-10-14 08:40:14,0 days 00:25:53
6,Main Library,2020-10-15 09:47:17,2020-10-15 12:01:27,0 days 02:14:10
6,Park,2020-10-16 08:43:23,2020-10-16 09:37:49,0 days 00:54:26
6,Sports bay,2020-10-17 08:46:51,2020-10-17 09:28:17,0 days 00:41:26
6,Park,2020-10-18 13:18:48,2020-10-18 14:13:13,0 days 00:54:25
6,Park,2020-10-19 08:59:46,2020-10-19 09:20:21,0 days 00:20:35
6,Park,2020-10-20 09:22:03,2020-10-20 12:05:27,0 days 02:43:24
6,Finestra Pub,2020-10-21 13:24:39,2020-10-21 13:56:24,0 days 00:31:45
6,Information Technology Center,2020-10-22 09:00:13,2020-10-22 11:14:39,0 days 02:14:26
6,Bridge,2020-10-23 14:14:59,2020-10-23 14:19:58,0 days 00:04:59
6,Finestra Pub,2020-10-24 09:16:10,2020-10-24 09:51:43,0 days 00:35:33
6,Sports bay,2020-10-25 07:42:27,2020-10-25 09:13:19,0 days 01:30:52
6,Chinese Bar,2020-10-26 14:59:32,2020-10-26 17:38:32,0 days 02:39:00
6,Sports bay,2020-10-27 10:02:34,2020-10-27 11:26:25,0 days 01:23:51
6,Main Library,2020-10-28 13:44:40,2020-10-28 14:30:31,0 days 00:45:51
6,Bridge,2020-10-29 15:36:43,2020-10-29 16:47:28,0 days 01:10:45
6,Main Library,2020-10-30 09:42:28,2020-10-30 11:27:08,0 days 01:44:40
6,Statue before BAIS Faculty,2020-10-31 13:46:16,2020-10-31 14:24:41,0 days 00:38:25
6,Cafeteria,2020-11-01 12:40:03,2020-11-01 12:48:48,0 days 00:08:45
6,Finestra Pub,2020-11-02 12:45:34,2020-11-02 13:25:46,0 days 00:40:12
6,Finestra Pub,2020-11-03 13:40:30,2020-11-03 14:17:20,0 days 00:36:50
6,Finestra Pub,2020-11-04 15:03:57,2020-11-04 15:38:38,0 days 00:34:41
6,Bridge,2020-11-05 15:46:11,2020-11-05 18:36:40,0 days 02:50:29
6,Information Technology Center,2020-11-06 09:02:39,2020-11-06 10:07:03,0 days 01:04:24
6,Chinese Bar,2020-11-07 13:08:47,2020-11-07 14:52:19,0 days 01:43:32
6,Chinese Bar,2020-11-08 08:42:13,2020-11-08 09:14:48,0 days 00:32:35
6,Information Technology Center,2020-11-09 13:15:22,2020-11-09 15:50:38,0 days 02:35:16
6,Main Library,2020-11-10 14:04:47,2020-11-10 16:04:34,0 days 01:59:47
6,Main Library,2020-11-11 12:29:56,2020-11-11 13:26:31,0 days 00:56:35
6,Bridge,2020-11-12 09:50:11,2020-11-12 10:15:59,0 days 00:25:48
6,Chinese Bar,2020-11-13 15:56:41,2020-11-13 17:23:34,0 days 01:26:53
6,Chinese Bar,2020-11-14 08:14:46,2020-11-14 08:21:10,0 days 00:06:24
6,Information Technology Center,2020-11-15 10:05:19,2020-11-15 10:50:17,0 days 00:44:58
6,Dean's office,2020-11-16 13:24:45,2020-11-16 13:47:23,0 days 00:22:38
6,Dean's office,2020-11-17 12:45:33,2020-11-17 13:08:56,0 days 00:23:23
6,Information Technology Center,2020-11-18 09:38:32,2020-11-18 11:08:15,0 days 01:29:43
6,Park,2020-11-19 09:28:48,2020-11-19 10:14:42,0 days 00:45:54
6,Chinese Bar,2020-11-20 14:20:33,2020-11-20 15:40:30,0 days 01:19:57
6,Sports bay,2020-11-21 14:35:33,2020-11-21 15:51:09,0 days 01:15:36
6,Statue before BAIS Faculty,2020-11-22 14:27:44,2020-11-22 14:54:30,0 days 00:26:46
6,Dean's office,2020-11-23 12:29:29,2020-11-23 13:39:25,0 days 01:09:56
6,Information Technology Center,2020-11-24 14:01:48,2020-11-24 14:27:28,0 days 00:25:40
6,Park,2020-11-25 07:58:39,2020-11-25 08:18:34,0 days 00:19:55
6,Information Technology Center,2020-11-26 15:37:09,2020-11-26 16:03:22,0 days 00:26:13
6,Sports bay,2020-11-27 08:35:57,2020-11-27 09:22:27,0 days 00:46:30
6,Finestra Pub,2020-11-28 08:32:53,2020-11-28 09:28:49,0 days 00:55:56
6,Sports bay,2020-11-29 12:43:18,2020-11-29 14:24:23,0 days 01:41:05
6,Chinese Bar,2020-11-30 11:09:11,2020-11-30 11:47:54,0 days 00:38:43
6,Main Library,2020-12-01 15:56:43,2020-12-01 16:14:46,0 days 00:18:03
7,Park,2020-10-01 11:34:51,2020-10-01 13:31:43,0 days 01:56:52
7,Chinese Bar,2020-10-02 13:47:52,2020-10-02 15:34:52,0 days 01:47:00
7,Sports bay,2020-10-03 09:06:37,2020-10-03 09:37:11,0 days 00:30:34
7,Main Library,2020-10-04 15:39:28,2020-10-04 16:20:34,0 days 00:41:06
7,Information Technology Center,2020-10-05 07:50:23,2020-10-05 10:46:54,0 days 02:56:31
7,Sports bay,2020-10-06 10:51:11,2020-10-06 10:57:27,0 days 00:06:16
7,Information Technology Center,2020-10-07 10:31:48,2020-10-07 11:17:44,0 days 00:45:56
7,Finestra Pub,2020-10-08 14:20:24,2020-10-08 16:26:00,0 days 02:05:36
7,Bridge,2020-10-09 14:48:58,2020-10-09 16:19:42,0 days 01:30:44
7,Bridge,2020-10-10 15:23:48,2020-10-10 15:55:45,0 days 00:31:57
7,Sports bay,2020-10-11 11:01:28,2020-10-11 11:30:21,0 days 00:28:53
7,Dean's office,2020-10-12 12:00:18,2020-10-12 12:33:52,0 days 00:33:34
7,Bridge,2020-10-13 10:24:17,2020-10-13 11:06:14,0 days 00:41:57
7,Information Technology Center,2020-10-14 12:54:17,2020-10-14 15:48:52,0 days 02:54:35
7,Chinese Bar,2020-10-15 11:01:24,2020-10-15 13:14:28,0 days 02:13:04
7,Statue before BAIS Faculty,2020-10-16 14:59:55,2020-10-16 15:43:09,0 days 00:43:14
7,Cafeteria,2020-10-17 10:46:05,2020-10-17 12:32:09,0 days 01:46:04
7,Statue before BAIS Faculty,2020-10-18 10:37:21,2020-10-18 11:14:30,0 days 00:37:09
7,Sports bay,2020-10-19 08:16:50,2020-10-19 08:31:46,0 days 00:14:56
7,Sports bay,2020-10-20 10:45:05,2020-10-20 10:45:48,0 days 00:00:43
7,Dean's office,2020-10-21 13:21:01,2020-10-21 13:49:20,0 days 00:28:19
7,Dean's office,2020-10-22 12:51:27,2020-10-22 15:51:23,0 days 02:59:56
7,Information Technology Center,2020-10-23 15:57:21,2020-10-23 16:06:53,0 days 00:09:32
7,Statue before BAIS Faculty,2020-10-24 11:40:54,2020-10-24 13:35:43,0 days 01:54:49
7,Main Library,2020-10-25 14:24:53,2020-10-25 16:04:40,0 days 01:39:47
7,Park,2020-10-26 07:16:32,2020-10-26 07:21:06,0 days 00:04:34
7,Information Technology Center,2020-10-27 11:21:18,2020-10-27 12:11:59,0 days 00:50:41
7,Cafeteria,2020-10-28 14:41:43,2020-10-28 15:17:38,0 days 00:35:55
7,Chinese Bar,2020-10-29 08:49:16,2020-10-29 09:29:28,0 days 00:40:12
7,Finestra Pub,2020-10-30 08:03:46,2020-10-30 09:04:27,0 days 01:00:41
7,Main Library,2020-10-31 10:22:06,2020-10-31 11:10:52,0 days 00:48:46
7,Cafeteria,2020-11-01 07:05:29,2020-11-01 07:53:26,0 days 00:47:57
7,Sports bay,2020-11-02 12:34:10,2020-11-02 13:12:53,0 days 00:38:43
7,Chinese Bar,2020-11-03 12:23:38,2020-11-03 12:51:49,0 days 00:28:11
7,Bridge,2020-11-04 12:50:41,2020-11-04 14:38:13,0 days 01:47:32
7,Chinese Bar,2020-11-05 15:36:42,2020-11-05 15:53:42,0 days 00:17:00
7,Main Library,2020-11-06 07:48:16,2020-11-06 08:45:24,0 days 00:57:08
7,Park,2020-11-07 10:07:54,2020-11-07 10:34:11,0 days 00:26:17
7,Cafeteria,2020-11-08 07:37:02,2020-11-08 08:17:43,0 days 00:40:41
7,Dean's office,2020-11-09 08:08:29,2020-11-09 08:20:02,0 days 00:11:33
7,Cafeteria,2020-11-10 15:28:16,2020-11-10 15:52:47,0 days 00:24:31
7,Sports bay,2020-11-11 14:26:43,2020-11-11 14:50:26,0 days 00:23:43
7,Information Technology Center,2020-11-12 12:13:16,2020-11-12 13:06:36,0 days 00:53:20
7,Sports bay,2020-11-13 12:08:55,2020-11-13 12:41:59,0 days 00:33:04
7,Chinese Bar,2020-11-14 09:41:33,2020-11-14 10:38:12,0 days 00:56:39
7,Main Library,2020-11-15 10:22:02,2020-11-15 10:56:10,0 days 00:34:08
7,Finestra Pub,2020-11-16 13:02:14,2020-11-16 13:56:20,0 days 00:54:06
7,Cafeteria,2020-11-17 15:17:37,2020-11-17 15:57:07,0 days 00:39:30
7,Finestra Pub,2020-11-18 08:04:44,2020-11-18 10:02:51,0 days 01:58:07
7,Cafeteria,2020-11-19 10:42:45,2020-11-19 11:21:25,0 days 00:38:40
7,Statue before BAIS Faculty,2020-11-20 09:14:21,2020-11-20 09:41:19,0 days 00:26:58
7,Cafeteria,2020-11-21 11:18:11,2020-11-21 12:00:01,0 days 00:41:50
7,Statue before BAIS Faculty,2020-11-22 13:07:35,2020-11-22 13:24:32,0 days 00:16:57
7,Chinese Bar,2020-11-23 09:32:13,2020-11-23 11:14:53,0 days 01:42:40
7,Main Library,2020-11-24 12:12:42,2020-11-24 12:37:09,0 days 00:24:27
7,Bridge,2020-11-25 09:45:39,2020-11-25 09:54:10,0 days 00:08:31
7,Main Library,2020-11-26 11:02:32,2020-11-26 11:06:35,0 days 00:04:03
7,Information Technology Center,2020-11-27 12:03:14,2020-11-27 12:23:51,0 days 00:20:37
7,Cafeteria,2020-11-28 11:10:18,2020-11-28 11:20:25,0 days 00:10:07
7,Sports bay,2020-11-29 13:22:03,2020-11-29 13:24:25,0 days 00:02:22
7,Chinese Bar,2020-11-30 13:13:26,2020-11-30 14:02:24,0 days 00:48:58
7,Park,2020-12-01 10:40:08,2020-12-01 11:19:22,0 days 00:39:14
8,Cafeteria,2020-10-01 14:17:56,2020-10-01 15:30:30,0 days 01:12:34
8,Park,2020-10-02 14:15:21,2020-10-02 15:17:31,0 days 01:02:10
8,Cafeteria,2020-10-03 14:50:00,2020-10-03 15:52:35,0 days 01:02:35
8,Bridge,2020-10-04 10:04:48,2020-10-04 11:30:45,0 days 01:25:57
8,Main Library,2020-10-05 07:15:49,2020-10-05 07:41:09,0 days 00:25:20
8,Cafeteria,2020-10-06 11:09:31,2020-10-06 11:12:24,0 days 00:02:53
8,Park,2020-10-07 14:00:03,2020-10-07 14:01:28,0 days 00:01:25
8,Main Library,2020-10-08 08:51:33,2020-10-08 09:47:58,0 days 00:56:25
8,Park,2020-10-09 12:08:23,2020-10-09 13:35:29,0 days 01:27:06
8,Chinese Bar,2020-10-10 13:58:09,2020-10-10 14:04:31,0 days 00:06:22
8,Bridge,2020-10-11 13:54:40,2020-10-11 15:31:53,0 days 01:37:13
8,Sports bay,2020-10-12 10:14:49,2020-10-12 12:12:11,0 days 01:57:22
8,Cafeteria,2020-10-13 13:36:24,2020-10-13 14:47:45,0 days 01:11:21
8,Statue before BAIS Faculty,2020-10-14 07:19:46,2020-10-14 07:33:14,0 days 00:13:28
8,Cafeteria,2020-10-15 12:42:19,2020-10-15 13:40:25,0 days 00:58:06
8,Sports bay,2020-10-16 15:26:09,2020-10-16 16:15:27,0 days 00:49:18
8,Chinese Bar,2020-10-17 10:08:26,2020-10-17 10:37:17,0 days 00:28:51
8,Cafeteria,2020-10-18 10:38:41,2020-10-18 12:36:41,0 days 01:58:00
8,Statue before BAIS Faculty,2020-10-19 15:44:42,2020-10-19 16:15:11,0 days 00:30:29
8,Chinese Bar,2020-10-20 10:46:01,2020-10-20 13:16:46,0 days 02:30:45
8,Cafeteria,2020-10-21 09:37:16,2020-10-21 09:48:10,0 days 00:10:54
8,Park,2020-10-22 10:35:00,2020-10-22 10:41:03,0 days 00:06:03
8,Cafeteria,2020-10-23 08:54:21,2020-10-23 11:09:49,0 days 02:15:28
8,Chinese Bar,2020-10-24 07:22:01,2020-10-24 07:36:07,0 days 00:14:06
8,Cafeteria,2020-10-25 08:18:31,2020-10-25 09:59:18,0 days 01:40:47
8,Bridge,2020-10-26 09:57:01,2020-10-26 11:54:36,0 days 01:57:35
8,Sports bay,2020-10-27 08:08:56,2020-10-27 08:39:15,0 days 00:30:19
8,Bridge,2020-10-28 07:23:36,2020-10-28 09:36:26,0 days 02:12:50
8,Finestra Pub,2020-10-29 08:06:37,2020-10-29 10:57:21,0 days 02:50:44
8,Dean's office,2020-10-30 11:02:03,2020-10-30 12:01:38,0 days 00:59:35
8,Dean's office,2020-10-31 08:29:49,2020-10-31 09:52:59,0 days 01:23:10
8,Park,2020-11-01 14:17:21,2020-11-01 16:07:47,0 days 01:50:26
8,Dean's office,2020-11-02 08:40:16,2020-11-02 10:35:01,0 days 01:54:45
8,Chinese Bar,2020-11-03 08:06:34,2020-11-03 09:48:32,0 days 01:41:58
8,Information Technology Center,2020-11-04 09:27:23,2020-11-04 09:44:48,0 days 00:17:25
8,Finestra Pub,2020-11-05 11:55:50,2020-11-05 12:28:05,0 days 00:32:15
8,Information Technology Center,2020-11-06 11:39:23,2020-11-06 13:45:45,0 days 02:06:22
8,Bridge,2020-11-07 11:12:18,2020-11-07 12:02:23,0 days 00:50:05
8,Dean's office,2020-11-08 14:12:07,2020-11-08 14:21:12,0 days 00:09:05
8,Cafeteria,2020-11-09 15:12:13,2020-11-09 16:57:55,0 days 01:45:42
8,Park,2020-11-10 08:03:06,2020-11-10 08:04:59,0 days 00:01:53
8,Information Technology Center,2020-11-11 09:31:17,2020-11-11 10:07:25,0 days 00:36:08
8,Dean's office,2020-11-12 08:49:04,2020-11-12 09:53:32,0 days 01:04:28
8,Main Library,2020-11-13 15:50:20,2020-11-13 17:29:39,0 days 01:39:19
8,Bridge,2020-11-14 13:44:06,2020-11-14 13:47:16,0 days 00:03:10
8,Cafeteria,2020-11-15 10:10:19,2020-11-15 10:42:02,0 days 00:31:43
8,Cafeteria,2020-11-16 14:50:20,2020-11-16 16:01:07,0 days 01:10:47
8,Information Technology Center,2020-11-17 15:21:18,2020-11-17 15:32:56,0 days 00:11:38
8,Finestra Pub,2020-11-18 07:07:58,2020-11-18 08:46:28,0 days 01:38:30
8,Chinese Bar,2020-11-19 15:06:51,2020-11-19 15:17:34,0 days 00:10:43
8,Main Library,2020-11-20 07:03:22,2020-11-20 10:00:20,0 days 02:56:58
8,Dean's office,2020-11-21 09:18:35,2020-11-21 11:06:39,0 days 01:48:04
8,Finestra Pub,2020-11-22 10:40:42,2020-11-22 10:43:48,0 days 00:03:06
8,Information Technology Center,2020-11-23 10:03:04,2020-11-23 11:48:42,0 days 01:45:38
8,Bridge,2020-11-24 13:56:42,2020-11-24 15:13:45,0 days 01:17:03
8,Finestra Pub,2020-11-25 13:41:21,2020-11-25 13:44:18,0 days 00:02:57
8,Cafeteria,2020-11-26 11:41:14,2020-11-26 12:10:54,0 days 00:29:40
8,Bridge,2020-11-27 13:46:48,2020-11-27 15:20:58,0 days 01:34:10
8,Finestra Pub,2020-11-28 11:49:10,2020-11-28 13:35:07,0 days 01:45:57
8,Cafeteria,2020-11-29 15:26:07,2020-11-29 17:26:00,0 days 01:59:53
8,Sports bay,2020-11-30 13:23:43,2020-11-30 14:48:34,0 days 01:24:51
8,Finestra Pub,2020-12-01 08:20:20,2020-12-01 08:49:07,0 days 00:28:47
9,Park,2020-10-01 09:24:27,2020-10-01 09:37:23,0 days 00:12:56
9,Chinese Bar,2020-10-02 09:36:22,2020-10-02 09:39:37,0 days 00:03:15
9,Dean's office,2020-10-03 11:21:51,2020-10-03 12:05:44,0 days 00:43:53
9,Park,2020-10-04 08:42:05,2020-10-04 11:33:58,0 days 02:51:53
9,Finestra Pub,2020-10-05 09:50:20,2020-10-05 11:13:12,0 days 01:22:52
9,Dean's office,2020-10-06 12:17:55,2020-10-06 13:50:22,0 days 01:32:27
9,Statue before BAIS Faculty,2020-10-07 11:12:52,2020-10-07 11:25:06,0 days 00:12:14
9,Park,2020-10-08 15:01:06,2020-10-08 17:15:47,0 days 02:14:41
9,Finestra Pub,2020-10-09 11:06:42,2020-10-09 12:12:41,0 days 01:05:59
9,Bridge,2020-10-10 15:32:22,2020-10-10 16:23:56,0 days 00:51:34
9,Park,2020-10-11 11:33:31,2020-10-11 12:30:19,0 days 00:56:48
9,Dean's office,2020-10-12 12:14:27,2020-10-12 12:21:44,0 days 00:07:17
9,Cafeteria,2020-10-13 15:19:01,2020-10-13 15:59:57,0 days 00:40:56
9,Main Library,2020-10-14 07:11:44,2020-10-14 07:30:07,0 days 00:18:23
9,Sports bay,2020-10-15 08:19:16,2020-10-15 09:46:20,0 days 01:27:04
9,Chinese Bar,2020-10-16 13:29:57,2020-10-16 16:23:52,0 days 02:53:55
9,Bridge,2020-10-17 11:52:02,2020-10-17 12:38:37,0 days 00:46:35
9,Bridge,2020-10-18 11:41:18,2020-10-18 12:47:00,0 days 01:05:42
9,Finestra Pub,2020-10-19 09:43:47,2020-10-19 09:52:08,0 days 00:08:21
9,Dean's office,2020-10-20 13:35:11,2020-10-20 14:02:38,0 days 00:27:27
9,Bridge,2020-10-21 11:20:08,2020-10-21 11:57:20,0 days 00:37:12
9,Sports bay,2020-10-22 10:14:19,2020-10-22 12:07:35,0 days 01:53:16
9,Statue before BAIS Faculty,2020-10-23 11:49:58,2020-10-23 13:30:26,0 days 01:40:28
9,Park,2020-10-24 07:25:36,2020-10-24 07:39:51,0 days 00:14:15
9,Statue before BAIS Faculty,2020-10-25 07:34:26,2020-10-25 09:26:53,0 days 01:52:27
9,Bridge,2020-10-26 08:15:36,2020-10-26 08:56:10,0 days 00:40:34
9,Information Technology Center,2020-10-27 14:07:32,2020-10-27 15:38:59,0 days 01:31:27
9,Statue before BAIS Faculty,2020-10-28 09:44:02,2020-10-28 11:39:29,0 days 01:55:27
9,Statue before BAIS Faculty,2020-10-29 15:37:24,2020-10-29 15:39:43,0 days 00:02:19
9,Finestra Pub,2020-10-30 10:07:32,2020-10-30 10:40:23,0 days 00:32:51
9,Park,2020-10-31 10:04:09,2020-10-31 10:12:48,0 days 00:08:39
9,Bridge,2020-11-01 12:03:58,2020-11-01 12:20:40,0 days 00:16:42
9,Information Technology Center,2020-11-02 15:10:29,2020-11-02 16:21:52,0 days 01:11:23
9,Bridge,2020-11-03 11:57:19,2020-11-03 13:56:27,0 days 01:59:08
9,Chinese Bar,2020-11-04 09:56:47,2020-11-04 10:17:41,0 days 00:20:54
9,Statue before BAIS Faculty,2020-11-05 08:53:10,2020-11-05 09:51:42,0 days 00:58:32
9,Cafeteria,2020-11-06 09:05:31,2020-11-06 09:30:53,0 days 00:25:22
9,Dean's office,2020-11-07 15:09:16,2020-11-07 16:31:46,0 days 01:22:30
9,Chinese Bar,2020-11-08 15:45:57,2020-11-08 16:39:18,0 days 00:53:21
9,Dean's office,2020-11-09 10:58:32,2020-11-09 11:49:22,0 days 00:50:50
9,Finestra Pub,2020-11-10 07:30:00,2020-11-10 08:20:57,0 days 00:50:57
9,Finestra Pub,2020-11-11 11:50:32,2020-11-11 11:55:38,0 days 00:05:06
9,Dean's office,2020-11-12 08:09:23,2020-11-12 09:37:22,0 days 01:27:59
9,Finestra Pub,2020-11-13 15:16:11,2020-11-13 17:03:16,0 days 01:47:05
9,Cafeteria,2020-11-14 11:28:23,2020-11-14 11:36:53,0 days 00:08:30
9,Park,2020-11-15 10:25:28,2020-11-15 12:17:24,0 days 01:51:56
9,Information Technology Center,2020-11-16 08:15:35,2020-11-16 09:03:57,0 days 00:48:22
9,Chinese Bar,2020-11-17 07:23:07,2020-11-17 08:24:33,0 days 01:01:26
9,Park,2020-11-18 08:26:55,2020-11-18 09:03:22,0 days 00:36:27
9,Park,2020-11-19 09:59:41,2020-11-19 10:35:45,0 days 00:36:04
9,Bridge,2020-11-20 09:36:19,2020-11-20 12:32:50,0 days 02:56:31
9,Chinese Bar,2020-11-21 07:59:12,2020-11-21 09:25:21,0 days 01:26:09
9,Bridge,2020-11-22 14:29:46,2020-11-22 15:15:06,0 days 00:45:20
9,Sports bay,2020-11-23 14:08:10,2020-11-23 16:05:08,0 days 01:56:58
9,Statue before BAIS Faculty,2020-11-24 15:12:17,2020-11-24 15:33:54,0 days 00:21:37
9,Chinese Bar,2020-11-25 09:35:50,2020-11-25 10:03:13,0 days 00:27:23
9,Park,2020-11-26 09:37:10,2020-11-26 10:14:45,0 days 00:37:35
9,Information Technology Center,2020-11-27 15:51:10,2020-11-27 16:44:04,0 days 00:52:54
9,Statue before BAIS Faculty,2020-11-28 10:07:11,2020-11-28 10:56:31,0 days 00:49:20
9,Park,2020-11-29 09:39:51,2020-11-29 11:31:07,0 days 01:51:16
9,Park,2020-11-30 13:58:13,2020-11-30 14:37:47,0 days 00:39:34
9,Dean's office,2020-12-01 11:27:47,2020-12-01 11:58:16,0 days 00:30:29
10,Dean's office,2020-10-01 11:53:01,2020-10-01 13:48:20,0 days 01:55:19
10,Sports bay,2020-10-02 09:17:15,2020-10-02 11:04:47,0 days 01:47:32
10,Park,2020-10-03 10:21:27,2020-10-03 11:07:34,0 days 00:46:07
10,Cafeteria,2020-10-04 10:03:03,2020-10-04 12:09:11,0 days 02:06:08
10,Chinese Bar,2020-10-05 10:59:59,2020-10-05 12:52:24,0 days 01:52:25
10,Chinese Bar,2020-10-06 10:06:53,2020-10-06 10:29:23,0 days 00:22:30
10,Bridge,2020-10-07 13:50:39,2020-10-07 14:20:24,0 days 00:29:45
10,Information Technology Center,2020-10-08 08:46:51,2020-10-08 09:54:41,0 days 01:07:50
10,Information Technology Center,2020-10-09 14:30:05,2020-10-09 15:43:30,0 days 01:13:25
10,Sports bay,2020-10-10 14:31:05,2020-10-10 15:15:33,0 days 00:44:28
10,Dean's office,2020-10-11 08:00:39,2020-10-11 08:40:16,0 days 00:39:37
10,Bridge,2020-10-12 10:13:58,2020-10-12 11:26:50,0 days 01:12:52
10,Information Technology Center,2020-10-13 10:47:55,2020-10-13 11:03:45,0 days 00:15:50
10,Park,2020-10-14 12:18:46,2020-10-14 12:49:04,0 days 00:30:18
10,Bridge,2020-10-15 09:36:57,2020-10-15 10:03:40,0 days 00:26:43
10,Bridge,2020-10-16 09:51:07,2020-10-16 10:44:09,0 days 00:53:02
10,Chinese Bar,2020-10-17 12:37:21,2020-10-17 14:31:04,0 days 01:53:43
10,Park,2020-10-18 07:14:03,2020-10-18 07:58:58,0 days 00:44:55
10,Main Library,2020-10-19 07:34:54,2020-10-19 08:40:38,0 days 01:05:44
10,Sports bay,2020-10-20 07:59:25,2020-10-20 08:04:48,0 days 00:05:23
10,Main Library,2020-10-21 15:31:18,2020-10-21 17:25:30,0 days 01:54:12
10,Information Technology Center,2020-10-22 08:32:03,2020-10-22 09:15:21,0 days 00:43:18
10,Main Library,2020-10-23 07:39:59,2020-10-23 08:23:26,0 days 00:43:27
10,Chinese Bar,2020-10-24 09:16:23,2020-10-24 09:22:54,0 days 00:06:31
10,Park,2020-10-25 11:20:11,2020-10-25 11:36:51,0 days 00:16:40
10,Cafeteria,2020-10-26 07:09:56,2020-10-26 08:28:23,0 days 01:18:27
10,Cafeteria,2020-10-27 15:35:27,2020-10-27 17:21:35,0 days 01:46:08
10,Bridge,2020-10-28 07:41:00,2020-10-28 08:05:06,0 days 00:24:06
10,Bridge,2020-10-29 12:48:05,2020-10-29 14:13:27,0 days 01:25:22
10,Main Library,2020-10-30 09:45:56,2020-10-30 11:19:01,0 days 01:33:05
10,Chinese Bar,2020-10-31 10:52:04,2020-10-31 11:33:23,0 days 00:41:19
10,Finestra Pub,2020-11-01 09:41:43,2020-11-01 11:49:28,0 days 02:07:45
10,Bridge,2020-11-02 15:23:31,2020-11-02 16:39:26,0 days 01:15:55
10,Finestra Pub,2020-11-03 11:54:23,2020-11-03 12:58:50,0 days 01:04:27
10,Finestra Pub,2020-11-04 14:51:35,2020-11-04 15:22:05,0 days 00:30:30
10,Park,2020-11-05 07:33:43,2020-11-05 07:35:13,0 days 00:01:30
10,Park,2020-11-06 11:38:56,2020-11-06 13:07:24,0 days 01:28:28
10,Information Technology Center,2020-11-07 14:51:49,2020-11-07 15:05:37,0 days 00:13:48
10,Cafeteria,2020-11-08 08:50:22,2020-11-08 09:30:39,0 days 00:40:17
10,Dean's office,2020-11-09 11:38:04,2020-11-09 12:04:21,0 days 00:26:17
10,Bridge,2020-11-10 08:06:11,2020-11-10 08:32:10,0 days 00:25:59
10,Cafeteria,2020-11-11 11:18:16,2020-11-11 12:06:08,0 days 00:47:52
10,Finestra Pub,2020-11-12 14:45:27,2020-11-12 15:07:30,0 days 00:22:03
10,Finestra Pub,2020-11-13 07:47:07,2020-11-13 09:35:23,0 days 01:48:16
10,Dean's office,2020-11-14 11:11:53,2020-11-14 13:48:45,0 days 02:36:52
10,Sports bay,2020-11-15 11:10:58,2020-11-15 12:07:54,0 days 00:56:56
10,Park,2020-11-16 10:30:59,2020-11-16 11:47:49,0 days 01:16:50
10,Main Library,2020-11-17 11:52:45,2020-11-17 12:30:06,0 days 00:37:21
10,Bridge,2020-11-18 13:57:40,2020-11-18 14:24:34,0 days 00:26:54
10,Statue before BAIS Faculty,2020-11-19 07:47:18,2020-11-19 07:48:43,0 days 00:01:25
10,Bridge,2020-11-20 10:00:44,2020-11-20 10:34:34,0 days 00:33:50
10,Dean's office,2020-11-21 08:05:16,2020-11-21 09:19:43,0 days 01:14:27
10,Statue before BAIS Faculty,2020-11-22 09:57:08,2020-11-22 10:50:38,0 days 00:53:30
10,Statue before BAIS Faculty,2020-11-23 14:26:53,2020-11-23 14:29:00,0 days 00:02:07
10,Statue before BAIS Faculty,2020-11-24 10:05:43,2020-11-24 10:30:03,0 days 00:24:20
10,Bridge,2020-11-25 11:36:30,2020-11-25 12:05:07,0 days 00:28:37
10,Sports bay,2020-11-26 13:01:22,2020-11-26 13:42:26,0 days 00:41:04
10,Finestra Pub,2020-11-27 14:13:19,2020-11-27 14:51:32,0 days 00:38:13
10,Main Library,2020-11-28 12:21:59,2020-11-28 13:55:38,0 days 01:33:39
10,Cafeteria,2020-11-29 12:58:39,2020-11-29 14:00:31,0 days 01:01:52
10,Chinese Bar,2020-11-30 08:03:06,2020-11-30 08:46:02,0 days 00:42:56
10,Bridge,2020-12-01 07:59:36,2020-12-01 10:43:17,0 days 02:43:41
11,Statue before BAIS Faculty,2020-10-01 08:04:20,2020-10-01 10:03:40,0 days 01:59:20
11,Information Technology Center,2020-10-02 07:00:25,2020-10-02 08:50:49,0 days 01:50:24
11,Cafeteria,2020-10-03 07:08:34,2020-10-03 07:25:59,0 days 00:17:25
11,Cafeteria,2020-10-04 14:52:27,2020-10-04 14:53:09,0 days 00:00:42
11,Chinese Bar,2020-10-05 15:56:32,2020-10-05 17:05:27,0 days 01:08:55
11,Main Library,2020-10-06 14:56:23,2020-10-06 15:55:53,0 days 00:59:30
11,Statue before BAIS Faculty,2020-10-07 07:59:33,2020-10-07 09:00:38,0 days 01:01:05
11,Chinese Bar,2020-10-08 13:11:00,2020-10-08 13:44:39,0 days 00:33:39
11,Park,2020-10-09 13:56:42,2020-10-09 15:24:21,0 days 01:27:39
11,Statue before BAIS Faculty,2020-10-10 11:16:54,2020-10-10 11:49:55,0 days 00:33:01
11,Cafeteria,2020-10-11 08:59:59,2020-10-11 09:51:09,0 days 00:51:10
11,Information Technology Center,2020-10-12 14:06:23,2020-10-12 14:20:16,0 days 00:13:53
11,Chinese Bar,2020-10-13 08:31:38,2020-10-13 09:39:41,0 days 01:08:03
11,Cafeteria,2020-10-14 10:12:34,2020-10-14 11:29:26,0 days 01:16:52
11,Information Technology Center,2020-10-15 09:07:32,2020-10-15 09:34:36,0 days 00:27:04
11,Main Library,2020-10-16 14:01:41,2020-10-16 15:01:17,0 days 00:59:36
11,Finestra Pub,2020-10-17 07:41:37,2020-10-17 08:34:08,0 days 00:52:31
11,Sports bay,2020-10-18 12:04:08,2020-10-18 12:18:29,0 days 00:14:21
11,Dean's office,2020-10-19 13:32:57,2020-10-19 15:12:38,0 days 01:39:41
11,Sports bay,2020-10-20 11:09:56,2020-10-20 11:50:33,0 days 00:40:37
11,Main Library,2020-10-21 14:23:04,2020-10-21 16:12:36,0 days 01:49:32
11,Statue before BAIS Faculty,2020-10-22 15:26:33,2020-10-22 16:38:28,0 days 01:11:55
11,Park,2020-10-23 09:10:58,2020-10-23 09:22:43,0 days 00:11:45
11,Bridge,2020-10-24 07:44:56,2020-10-24 08:49:11,0 days 01:04:15
11,Dean's office,2020-10-25 07:21:27,2020-10-25 08:22:07,0 days 01:00:40
11,Chinese Bar,2020-10-26 13:14:38,2020-10-26 14:07:55,0 days 00:53:17
11,Chinese Bar,2020-10-27 15:19:42,2020-10-27 17:40:05,0 days 02:20:23
11,Park,2020-10-28 14:17:30,2020-10-28 15:34:23,0 days 01:16:53
11,Chinese Bar,2020-10-29 13:57:20,2020-10-29 14:18:37,0 days 00:21:17
11,Information Technology Center,2020-10-30 07:18:08,2020-10-30 07:55:48,0 days 00:37:40
11,Park,2020-10-31 09:43:53,2020-10-31 11:02:22,0 days 01:18:29
11,Park,2020-11-01 13:52:44,2020-11-01 14:41:34,0 days 00:48:50
11,Bridge,2020-11-02 09:07:29,2020-11-02 09:46:29,0 days 00:39:00
11,Dean's office,2020-11-03 09:58:57,2020-11-03 10:16:57,0 days 00:18:00
11,Chinese Bar,2020-11-04 13:55:45,2020-11-04 15:44:50,0 days 01:49:05
11,Information Technology Center,2020-11-05 09:28:21,2020-11-05 10:26:18,0 days 00:57:57
11,Cafeteria,2020-11-06 12:17:19,2020-11-06 13:23:22,0 days 01:06:03
11,Main Library,2020-11-07 09:55:09,2020-11-07 11:33:47,0 days 01:38:38
11,Main Library,2020-11-08 12:39:29,2020-11-08 13:07:36,0 days 00:28:07
11,Park,2020-11-09 09:40:04,2020-11-09 10:28:13,0 days 00:48:09
11,Statue before BAIS Faculty,2020-11-10 13:49:37,2020-11-10 14:48:17,0 days 00:58:40
11,Bridge,2020-11-11 10:39:44,2020-11-11 12:43:50,0 days 02:04:06
11,Finestra Pub,2020-11-12 12:55:33,2020-11-12 14:04:54,0 days 01:09:21
11,Statue before BAIS Faculty,2020-11-13 07:17:02,2020-11-13 08:49:17,0 days 01:32:15
11,Finestra Pub,2020-11-14 09:45:24,2020-11-14 11:43:49,0 days 01:58:25
11,Sports bay,2020-11-15 10:46:36,2020-11-15 12:14:41,0 days 01:28:05
11,Finestra Pub,2020-11-16 14:37:47,2020-11-16 16:16:34,0 days 01:38:47
11,Dean's office,2020-11-17 08:54:53,2020-11-17 10:28:25,0 days 01:33:32
11,Park,2020-11-18 07:45:24,2020-11-18 08:27:02,0 days 00:41:38
11,Information Technology Center,2020-11-19 07:37:58,2020-11-19 09:13:05,0 days 01:35:07
11,Dean's office,2020-11-20 08:46:39,2020-11-20 10:11:53,0 days 01:25:14
11,Park,2020-11-21 10:56:41,2020-11-21 12:31:29,0 days 01:34:48
11,Sports bay,2020-11-22 09:16:53,2020-11-22 09:40:32,0 days 00:23:39
11,Chinese Bar,2020-11-23 08:33:55,2020-11-23 09:57:25,0 days 01:23:30
11,Cafeteria,2020-11-24 07:19:58,2020-11-24 08:00:58,0 days 00:41:00
11,Main Library,2020-11-25 11:01:58,2020-11-25 11:06:15,0 days 00:04:17
11,Main Library,2020-11-26 07:23:25,2020-11-26 07:25:12,0 days 00:01:47
11,Statue before BAIS Faculty,2020-11-27 14:51:26,2020-11-27 15:39:00,0 days 00:47:34
11,Sports bay,2020-11-28 14:39:41,2020-11-28 17:19:53,0 days 02:40:12
11,Finestra Pub,2020-11-29 10:57:38,2020-11-29 12:52:24,0 days 01:54:46
11,Statue before BAIS Faculty,2020-11-30 13:11:54,2020-11-30 13:46:15,0 days 00:34:21
11,Chinese Bar,2020-12-01 12:11:20,2020-12-01 14:01:55,0 days 01:50:35
12,Chinese Bar,2020-10-01 15:35:37,2020-10-01 16:20:59,0 days 00:45:22
12,Park,2020-10-02 13:26:02,2020-10-02 15:12:18,0 days 01:46:16
12,Park,2020-10-03 12:07:33,2020-10-03 12:56:01,0 days 00:48:28
12,Sports bay,2020-10-04 10:32:36,2020-10-04 11:52:35,0 days 01:19:59
12,Information Technology Center,2020-10-05 13:42:08,2020-10-05 13:51:49,0 days 00:09:41
12,Chinese Bar,2020-10-06 12:23:28,2020-10-06 12:44:19,0 days 00:20:51
12,Information Technology Center,2020-10-07 09:01:01,2020-10-07 10:24:43,0 days 01:23:42
12,Sports bay,2020-10-08 15:33:14,2020-10-08 18:12:42,0 days 02:39:28
12,Park,2020-10-09 07:48:08,2020-10-09 07:49:38,0 days 00:01:30
12,Dean's office,2020-10-10 15:30:54,2020-10-10 15:47:39,0 days 00:16:45
12,Park,2020-10-11 10:52:07,2020-10-11 11:42:50,0 days 00:50:43
12,Dean's office,2020-10-12 10:55:02,2020-10-12 11:00:16,0 days 00:05:14
12,Main Library,2020-10-13 12:55:18,2020-10-13 13:07:30,0 days 00:12:12
12,Chinese Bar,2020-10-14 13:51:50,2020-10-14 14:14:05,0 days 00:22:15
12,Finestra Pub,2020-10-15 09:49:39,2020-10-15 10:13:57,0 days 00:24:18
12,Information Technology Center,2020-10-16 15:05:31,2020-10-16 15:55:45,0 days 00:50:14
12,Finestra Pub,2020-10-17 07:14:36,2020-10-17 09:05:24,0 days 01:50:48
12,Chinese Bar,2020-10-18 10:57:53,2020-10-18 11:18:14,0 days 00:20:21
12,Information Technology Center,2020-10-19 09:39:56,2020-10-19 10:12:50,0 days 00:32:54
12,Park,2020-10-20 12:48:55,2020-10-20 13:00:46,0 days 00:11:51
12,Sports bay,2020-10-21 11:17:24,2020-10-21 14:01:01,0 days 02:43:37
12,Information Technology Center,2020-10-22 07:28:37,2020-10-22 08:03:43,0 days 00:35:06
12,Statue before BAIS Faculty,2020-10-23 12:22:43,2020-10-23 12:22:59,0 days 00:00:16
12,Chinese Bar,2020-10-24 13:36:34,2020-10-24 15:22:47,0 days 01:46:13
12,Bridge,2020-10-25 11:28:09,2020-10-25 13:19:41,0 days 01:51:32
12,Sports bay,2020-10-26 13:17:15,2020-10-26 15:05:27,0 days 01:48:12
12,Main Library,2020-10-27 09:32:08,2020-10-27 11:11:00,0 days 01:38:52
12,Chinese Bar,2020-10-28 09:22:03,2020-10-28 09:48:08,0 days 00:26:05
12,Bridge,2020-10-29 14:49:07,2020-10-29 15:26:59,0 days 00:37:52
12,Chinese Bar,2020-10-30 13:20:09,2020-10-30 13:33:15,0 days 00:13:06
12,Sports bay,2020-10-31 09:29:27,2020-10-31 11:10:00,0 days 01:40:33
12,Chinese Bar,2020-11-01 13:49:20,2020-11-01 14:34:57,0 days 00:45:37
12,Statue before BAIS Faculty,2020-11-02 12:02:54,2020-11-02 13:22:01,0 days 01:19:07
12,Dean's office,2020-11-03 11:28:49,2020-11-03 12:19:25,0 days 00:50:36
12,Statue before BAIS Faculty,2020-11-04 15:27:09,2020-11-04 15:59:09,0 days 00:32:00
12,Park,2020-11-05 11:33:59,2020-11-05 13:19:31,0 days 01:45:32
12,Bridge,2020-11-06 10:01:04,2020-11-06 12:00:20,0 days 01:59:16
12,Dean's office,2020-11-07 14:29:03,2020-11-07 15:52:44,0 days 01:23:41
12,Park,2020-11-08 10:14:14,2020-11-08 10:51:36,0 days 00:37:22
12,Chinese Bar,2020-11-09 13:03:55,2020-11-09 13:27:40,0 days 00:23:45
12,Park,2020-11-10 07:11:01,2020-11-10 08:34:15,0 days 01:23:14
12,Dean's office,2020-11-11 15:19:08,2020-11-11 15:24:13,0 days 00:05:05
12,Finestra Pub,2020-11-12 07:15:29,2020-11-12 08:06:28,0 days 00:50:59
12,Cafeteria,2020-11-13 09:59:42,2020-11-13 11:05:58,0 days 01:06:16
12,Sports bay,2020-11-14 13:51:11,2020-11-14 14:51:25,0 days 01:00:14
12,Bridge,2020-11-15 11:10:33,2020-11-15 13:11:12,0 days 02:00:39
12,Statue before BAIS Faculty,2020-11-16 09:12:55,2020-11-16 09:14:19,0 days 00:01:24
12,Cafeteria,2020-11-17 15:07:06,2020-11-17 16:05:20,0 days 00:58:14
12,Chinese Bar,2020-11-18 12:40:12,2020-11-18 13:27:04,0 days 00:46:52
12,Sports bay,2020-11-19 10:20:35,2020-11-19 11:08:37,0 days 00:48:02
12,Statue before BAIS Faculty,2020-11-20 13:27:08,2020-11-20 15:21:54,0 days 01:54:46
12,Statue before BAIS Faculty,2020-11-21 15:49:04,2020-11-21 16:04:01,0 days 00:14:57
12,Statue before BAIS Faculty,2020-11-22 09:33:17,2020-11-22 09:38:38,0 days 00:05:21
12,Statue before BAIS Faculty,2020-11-23 10:20:21,2020-11-23 10:56:49,0 days 00:36:28
12,Cafeteria,2020-11-24 13:24:40,2020-11-24 13:58:43,0 days 00:34:03
12,Finestra Pub,2020-11-25 07:46:31,2020-11-25 08:08:02,0 days 00:21:31
12,Information Technology Center,2020-11-26 13:31:37,2020-11-26 14:40:26,0 days 01:08:49
12,Finestra Pub,2020-11-27 09:28:23,2020-11-27 10:21:38,0 days 00:53:15
12,Bridge,2020-11-28 13:00:47,2020-11-28 13:32:28,0 days 00:31:41
12,Chinese Bar,2020-11-29 12:13:48,2020-11-29 12:56:04,0 days 00:42:16
12,Sports bay,2020-11-30 12:31:16,2020-11-30 14:27:26,0 days 01:56:10
12,Finestra Pub,2020-12-01 12:05:05,2020-12-01 15:04:51,0 days 02:59:46
13,Bridge,2020-10-01 14:14:36,2020-10-01 14:42:37,0 days 00:28:01
13,Information Technology Center,2020-10-02 14:09:28,2020-10-02 14:18:34,0 days 00:09:06
13,Main Library,2020-10-03 11:33:58,2020-10-03 12:06:39,0 days 00:32:41
13,Statue before BAIS Faculty,2020-10-04 10:31:22,2020-10-04 13:20:56,0 days 02:49:34
13,Main Library,2020-10-05 10:36:59,2020-10-05 13:21:17,0 days 02:44:18
13,Chinese Bar,2020-10-06 15:13:48,2020-10-06 15:20:33,0 days 00:06:45
13,Sports bay,2020-10-07 10:15:03,2020-10-07 11:29:40,0 days 01:14:37
13,Finestra Pub,2020-10-08 09:58:50,2020-10-08 11:20:24,0 days 01:21:34
13,Dean's office,2020-10-09 09:36:36,2020-10-09 09:38:27,0 days 00:01:51
13,Cafeteria,2020-10-10 09:07:33,2020-10-10 10:06:14,0 days 00:58:41
13,Dean's office,2020-10-11 09:10:27,2020-10-11 09:51:05,0 days 00:40:38
13,Bridge,2020-10-12 15:24:38,2020-10-12 17:13:32,0 days 01:48:54
13,Dean's office,2020-10-13 10:07:21,2020-10-13 10:50:23,0 days 00:43:02
13,Information Technology Center,2020-10-14 15:09:58,2020-10-14 16:18:20,0 days 01:08:22
13,Sports bay,2020-10-15 10:46:56,2020-10-15 11:22:07,0 days 00:35:11
13,Information Technology Center,2020-10-16 14:24:06,2020-10-16 14:35:18,0 days 00:11:12
13,Bridge,2020-10-17 09:44:21,2020-10-17 09:47:17,0 days 00:02:56
13,Chinese Bar,2020-10-18 14:12:32,2020-10-18 14:51:28,0 days 00:38:56
13,Information Technology Center,2020-10-19 14:18:15,2020-10-19 14:19:17,0 days 00:01:02
13,Cafeteria,2020-10-20 14:54:09,2020-10-20 15:28:59,0 days 00:34:50
13,Sports bay,2020-10-21 09:14:40,2020-10-21 09:20:26,0 days 00:05:46
13,Dean's office,2020-10-22 11:16:33,2020-10-22 12:37:26,0 days 01:20:53
13,Cafeteria,2020-10-23 11:59:39,2020-10-23 12:05:45,0 days 00:06:06
13,Sports bay,2020-10-24 08:08:12,2020-10-24 08:13:40,0 days 00:05:28
13,Park,2020-10-25 10:37:04,2020-10-25 10:49:10,0 days 00:12:06
13,Cafeteria,2020-10-26 15:06:58,2020-10-26 15:20:26,0 days 00:13:28
13,Main Library,2020-10-27 09:46:05,2020-10-27 11:20:41,0 days 01:34:36
13,Sports bay,2020-10-28 15:00:01,2020-10-28 16:48:31,0 days 01:48:30
13,Bridge,2020-10-29 07:12:38,2020-10-29 07:50:01,0 days 00:37:23
13,Main Library,2020-10-30 12:46:55,2020-10-30 13:21:07,0 days 00:34:12
13,Statue before BAIS Faculty,2020-10-31 14:22:29,2020-10-31 14:56:33,0 days 00:34:04
13,Bridge,2020-11-01 11:40:26,2020-11-01 12:45:57,0 days 01:05:31
13,Cafeteria,2020-11-02 11:08:28,2020-11-02 12:05:59,0 days 00:57:31
13,Information Technology Center,2020-11-03 08:38:45,2020-11-03 08:46:03,0 days 00:07:18
13,Main Library,2020-11-04 09:32:21,2020-11-04 10:18:43,0 days 00:46:22
13,Park,2020-11-05 15:59:34,2020-11-05 17:43:21,0 days 01:43:47
13,Sports bay,2020-11-06 07:37:56,2020-11-06 08:48:52,0 days 01:10:56
13,Chinese Bar,2020-11-07 14:22:28,2020-11-07 14:59:51,0 days 00:37:23
13,Chinese Bar,2020-11-08 10:20:35,2020-11-08 11:05:24,0 days 00:44:49
13,Park,2020-11-09 10:45:01,2020-11-09 11:36:31,0 days 00:51:30
13,Sports bay,2020-11-10 13:32:05,2020-11-10 14:13:30,0 days 00:41:25
13,Main Library,2020-11-11 07:38:57,2020-11-11 08:02:02,0 days 00:23:05
13,Dean's office,2020-11-12 07:13:26,2020-11-12 09:07:31,0 days 01:54:05
13,Information Technology Center,2020-11-13 14:39:13,2020-11-13 15:35:01,0 days 00:55:48
13,Sports bay,2020-11-14 12:14:41,2020-11-14 12:50:23,0 days 00:35:42
13,Finestra Pub,2020-11-15 12:11:47,2020-11-15 13:11:25,0 days 00:59:38
13,Cafeteria,2020-11-16 10:04:18,2020-11-16 11:32:39,0 days 01:28:21
13,Finestra Pub,2020-11-17 13:51:00,2020-11-17 14:50:37,0 days 00:59:37
13,Dean's office,2020-11-18 14:42:11,2020-11-18 17:26:36,0 days 02:44:25
13,Sports bay,2020-11-19 09:59:12,2020-11-19 12:27:20,0 days 02:28:08
13,Main Library,2020-11-20 11:13:43,2020-11-20 12:06:35,0 days 00:52:52
13,Statue before BAIS Faculty,2020-11-21 09:43:44,2020-11-21 10:23:59,0 days 00:40:15
13,Finestra Pub,2020-11-22 13:49:12,2020-11-22 13:56:41,0 days 00:07:29
13,Cafeteria,2020-11-23 11:36:23,2020-11-23 12:25:17,0 days 00:48:54
13,Finestra Pub,2020-11-24 08:25:56,2020-11-24 10:20:10,0 days 01:54:14
13,Chinese Bar,2020-11-25 08:28:35,2020-11-25 09:33:15,0 days 01:04:40
13,Information Technology Center,2020-11-26 09:51:15,2020-11-26 10:54:54,0 days 01:03:39
13,Cafeteria,2020-11-27 12:37:39,2020-11-27 13:29:16,0 days 00:51:37
13,Cafeteria,2020-11-28 14:55:51,2020-11-28 16:21:11,0 days 01:25:20
13,Statue before BAIS Faculty,2020-11-29 10:02:54,2020-11-29 10:18:22,0 days 00:15:28
13,Dean's office,2020-11-30 08:22:51,2020-11-30 08:47:47,0 days 00:24:56
13,Bridge,2020-12-01 10:38:20,2020-12-01 11:06:19,0 days 00:27:59
14,Sports bay,2020-10-01 15:32:37,2020-10-01 15:38:49,0 days 00:06:12
14,Chinese Bar,2020-10-02 07:42:31,2020-10-02 08:31:47,0 days 00:49:16
14,Dean's office,2020-10-03 10:30:04,2020-10-03 12:28:46,0 days 01:58:42
14,Finestra Pub,2020-10-04 11:52:18,2020-10-04 13:24:33,0 days 01:32:15
14,Bridge,2020-10-05 11:11:57,2020-10-05 11:13:51,0 days 00:01:54
14,Statue before BAIS Faculty,2020-10-06 14:20:44,2020-10-06 16:06:13,0 days 01:45:29
14,Dean's office,2020-10-07 09:22:51,2020-10-07 10:24:47,0 days 01:01:56
14,Chinese Bar,2020-10-08 13:01:21,2020-10-08 14:27:29,0 days 01:26:08
14,Information Technology Center,2020-10-09 09:59:17,2020-10-09 10:03:00,0 days 00:03:43
14,Dean's office,2020-10-10 08:58:05,2020-10-10 09:09:49,0 days 00:11:44
14,Chinese Bar,2020-10-11 08:50:07,2020-10-11 09:28:28,0 days 00:38:21
14,Main Library,2020-10-12 09:03:05,2020-10-12 09:51:27,0 days 00:48:22
14,Dean's office,2020-10-13 12:38:47,2020-10-13 12:53:06,0 days 00:14:19
14,Finestra Pub,2020-10-14 11:44:12,2020-10-14 13:46:06,0 days 02:01:54
14,Dean's office,2020-10-15 12:07:20,2020-10-15 12:47:45,0 days 00:40:25
14,Sports bay,2020-10-16 11:21:11,2020-10-16 11:52:29,0 days 00:31:18
14,Park,2020-10-17 15:32:44,2020-10-17 17:50:31,0 days 02:17:47
14,Finestra Pub,2020-10-18 13:40:55,2020-10-18 14:26:14,0 days 00:45:19
14,Cafeteria,2020-10-19 09:54:13,2020-10-19 10:11:26,0 days 00:17:13
14,Chinese Bar,2020-10-20 12:43:20,2020-10-20 13:00:05,0 days 00:16:45
14,Information Technology Center,2020-10-21 13:49:19,2020-10-21 15:19:28,0 days 01:30:09
14,Dean's office,2020-10-22 14:02:02,2020-10-22 14:56:26,0 days 00:54:24
14,Park,2020-10-23 15:33:17,2020-10-23 17:00:34,0 days 01:27:17
14,Information Technology Center,2020-10-24 14:25:00,2020-10-24 14:57:03,0 days 00:32:03
14,Bridge,2020-10-25 10:00:54,2020-10-25 12:21:11,0 days 02:20:17
14,Bridge,2020-10-26 10:41:57,2020-10-26 11:25:51,0 days 00:43:54
14,Cafeteria,2020-10-27 13:43:09,2020-10-27 16:39:07,0 days 02:55:58
14,Finestra Pub,2020-10-28 09:51:08,2020-10-28 11:56:25,0 days 02:05:17
14,Cafeteria,2020-10-29 07:37:40,2020-10-29 09:15:50,0 days 01:38:10
14,Information Technology Center,2020-10-30 07:41:28,2020-10-30 08:27:43,0 days 00:46:15
14,Dean's office,2020-10-31 08:08:00,2020-10-31 09:43:23,0 days 01:35:23
14,Park,2020-11-01 10:48:34,2020-11-01 12:38:48,0 days 01:50:14
14,Sports bay,2020-11-02 13:54:37,2020-11-02 14:34:45,0 days 00:40:08
14,Chinese Bar,2020-11-03 07:07:04,2020-11-03 07:39:28,0 days 00:32:24
14,Information Technology Center,2020-11-04 13:32:46,2020-11-04 14:20:43,0 days 00:47:57
14,Cafeteria,2020-11-05 11:47:19,2020-11-05 12:48:13,0 days 01:00:54
14,Information Technology Center,2020-11-06 08:13:07,2020-11-06 11:05:15,0 days 02:52:08
14,Dean's office,2020-11-07 12:13:31,2020-11-07 12:53:34,0 days 00:40:03
14,Sports bay,2020-11-08 10:36:54,2020-11-08 12:25:08,0 days 01:48:14
14,Chinese Bar,2020-11-09 13:19:09,2020-11-09 13:24:13,0 days 00:05:04
14,Dean's office,2020-11-10 13:40:42,2020-11-10 13:57:13,0 days 00:16:31
14,Main Library,2020-11-11 13:04:42,2020-11-11 14:24:37,0 days 01:19:55
14,Dean's office,2020-11-12 10:57:31,2020-11-12 11:42:39,0 days 00:45:08
14,Sports bay,2020-11-13 09:09:40,2020-11-13 10:15:35,0 days 01:05:55
14,Finestra Pub,2020-11-14 08:07:43,2020-11-14 08:12:02,0 days 00:04:19
14,Statue before BAIS Faculty,2020-11-15 08:00:55,2020-11-15 09:00:10,0 days 00:59:15
14,Main Library,2020-11-16 12:33:33,2020-11-16 13:17:37,0 days 00:44:04
14,Information Technology Center,2020-11-17 10:31:59,2020-11-17 11:06:21,0 days 00:34:22
14,Chinese Bar,2020-11-18 09:25:55,2020-11-18 12:24:25,0 days 02:58:30
14,Dean's office,2020-11-19 13:52:06,2020-11-19 14:13:34,0 days 00:21:28
14,Statue before BAIS Faculty,2020-11-20 10:37:05,2020-11-20 11:02:03,0 days 00:24:58
14,Sports bay,2020-11-21 08:18:16,2020-11-21 08:31:51,0 days 00:13:35
14,Finestra Pub,2020-11-22 10:41:18,2020-11-22 11:05:06,0 days 00:23:48
14,Park,2020-11-23 09:44:58,2020-11-23 10:33:44,0 days 00:48:46
14,Dean's office,2020-11-24 15:23:41,2020-11-24 16:35:03,0 days 01:11:22
14,Main Library,2020-11-25 09:39:12,2020-11-25 11:32:10,0 days 01:52:58
14,Park,2020-11-26 12:46:51,2020-11-26 13:22:20,0 days 00:35:29
14,Finestra Pub,2020-11-27 09:14:33,2020-11-27 10:12:03,0 days 00:57:30
14,Finestra Pub,2020-11-28 09:06:50,2020-11-28 09:28:01,0 days 00:21:11
14,Finestra Pub,2020-11-29 15:24:46,2020-11-29 16:02:54,0 days 00:38:08
14,Main Library,2020-11-30 15:58:51,2020-11-30 17:17:41,0 days 01:18:50
14,Statue before BAIS Faculty,2020-12-01 09:41:08,2020-12-01 10:55:38,0 days 01:14:30
15,Information Technology Center,2020-10-01 08:12:58,2020-10-01 09:02:46,0 days 00:49:48
15,Finestra Pub,2020-10-02 12:34:26,2020-10-02 14:06:14,0 days 01:31:48
15,Information Technology Center,2020-10-03 14:37:34,2020-10-03 15:17:36,0 days 00:40:02
15,Cafeteria,2020-10-04 14:28:14,2020-10-04 15:02:27,0 days 00:34:13
15,Bridge,2020-10-05 12:11:58,2020-10-05 13:55:29,0 days 01:43:31
15,Chinese Bar,2020-10-06 13:17:43,2020-10-06 13:46:45,0 days 00:29:02
15,Sports bay,2020-10-07 14:24:13,2020-10-07 15:00:03,0 days 00:35:50
15,Statue before BAIS Faculty,2020-10-08 09:13:41,2020-10-08 10:18:01,0 days 01:04:20
15,Information Technology Center,2020-10-09 13:07:55,2020-10-09 14:12:25,0 days 01:04:30
15,Cafeteria,2020-10-10 12:59:47,2020-10-10 13:03:12,0 days 00:03:25
15,Finestra Pub,2020-10-11 09:42:20,2020-10-11 11:25:32,0 days 01:43:12
15,Sports bay,2020-10-12 15:14:10,2020-10-12 16:34:35,0 days 01:20:25
15,Park,2020-10-13 10:17:41,2020-10-13 11:09:21,0 days 00:51:40
15,Dean's office,2020-10-14 14:21:10,2020-10-14 15:04:20,0 days 00:43:10
15,Chinese Bar,2020-10-15 08:54:15,2020-10-15 09:39:46,0 days 00:45:31
15,Sports bay,2020-10-16 07:51:56,2020-10-16 08:06:29,0 days 00:14:33
15,Sports bay,2020-10-17 08:10:53,2020-10-17 09:48:28,0 days 01:37:35
15,Statue before BAIS Faculty,2020-10-18 14:15:46,2020-10-18 14:34:02,0 days 00:18:16
15,Statue before BAIS Faculty,2020-10-19 10:51:28,2020-10-19 12:39:38,0 days 01:48:10
15,Statue before BAIS Faculty,2020-10-20 08:23:08,2020-10-20 08:35:27,0 days 00:12:19
15,Cafeteria,2020-10-21 14:51:07,2020-10-21 16:02:41,0 days 01:11:34
15,Dean's office,2020-10-22 10:33:27,2020-10-22 11:32:19,0 days 00:58:52
15,Bridge,2020-10-23 07:59:22,2020-10-23 09:45:24,0 days 01:46:02
15,Dean's office,2020-10-24 07:10:27,2020-10-24 08:06:22,0 days 00:55:55
15,Main Library,2020-10-25 11:59:39,2020-10-25 12:48:02,0 days 00:48:23
15,Bridge,2020-10-26 12:57:46,2020-10-26 13:15:42,0 days 00:17:56
15,Chinese Bar,2020-10-27 10:49:08,2020-10-27 12:22:08,0 days 01:33:00
15,Bridge,2020-10-28 11:42:00,2020-10-28 14:36:41,0 days 02:54:41
15,Information Technology Center,2020-10-29 13:13:39,2020-10-29 14:50:10,0 days 01:36:31
15,Cafeteria,2020-10-30 10:23:32,2020-10-30 10:41:43,0 days 00:18:11
15,Main Library,2020-10-31 15:12:58,2020-10-31 15:42:50,0 days 00:29:52
15,Chinese Bar,2020-11-01 15:01:53,2020-11-01 17:06:30,0 days 02:04:37
15,Main Library,2020-11-02 14:50:21,2020-11-02 15:24:57,0 days 00:34:36
15,Bridge,2020-11-03 11:19:08,2020-11-03 11:42:58,0 days 00:23:50
15,Sports bay,2020-11-04 09:06:33,2020-11-04 10:51:51,0 days 01:45:18
15,Main Library,2020-11-05 10:17:19,2020-11-05 10:20:35,0 days 00:03:16
15,Finestra Pub,2020-11-06 08:16:10,2020-11-06 08:17:56,0 days 00:01:46
15,Dean's office,2020-11-07 10:39:01,2020-11-07 10:49:44,0 days 00:10:43
15,Sports bay,2020-11-08 14:13:18,2020-11-08 14:15:07,0 days 00:01:49
15,Information Technology Center,2020-11-09 08:57:29,2020-11-09 11:41:40,0 days 02:44:11
15,Information Technology Center,2020-11-10 08:45:22,2020-11-10 08:50:22,0 days 00:05:00
15,Cafeteria,2020-11-11 08:18:37,2020-11-11 10:15:14,0 days 01:56:37
15,Information Technology Center,2020-11-12 14:29:07,2020-11-12 15:43:40,0 days 01:14:33
15,Bridge,2020-11-13 07:59:17,2020-11-13 10:25:07,0 days 02:25:50
15,Bridge,2020-11-14 08:49:35,2020-11-14 09:31:37,0 days 00:42:02
15,Park,2020-11-15 08:50:35,2020-11-15 09:38:02,0 days 00:47:27
15,Dean's office,2020-11-16 12:03:09,2020-11-16 12:24:02,0 days 00:20:53
15,Main Library,2020-11-17 13:34:27,2020-11-17 14:11:44,0 days 00:37:17
15,Main Library,2020-11-18 12:58:49,2020-11-18 13:43:47,0 days 00:44:58
15,Information Technology Center,2020-11-19 13:48:09,2020-11-19 14:01:52,0 days 00:13:43
15,Finestra Pub,2020-11-20 11:57:38,2020-11-20 13:16:58,0 days 01:19:20
15,Dean's office,2020-11-21 09:04:48,2020-11-21 10:43:22,0 days 01:38:34
15,Cafeteria,2020-11-22 12:55:30,2020-11-22 12:56:57,0 days 00:01:27
15,Information Technology Center,2020-11-23 15:46:42,2020-11-23 15:54:26,0 days 00:07:44
15,Main Library,2020-11-24 09:02:51,2020-11-24 10:12:35,0 days 01:09:44
15,Bridge,2020-11-25 07:35:14,2020-11-25 09:26:26,0 days 01:51:12
15,Dean's office,2020-11-26 12:55:21,2020-11-26 13:22:23,0 days 00:27:02
15,Bridge,2020-11-27 14:33:13,2020-11-27 14:55:19,0 days 00:22:06
15,Information Technology Center,2020-11-28 15:36:30,2020-11-28 16:33:55,0 days 00:57:25
15,Sports bay,2020-11-29 09:58:37,2020-11-29 11:04:12,0 days 01:05:35
15,Bridge,2020-11-30 15:05:53,2020-11-30 17:04:09,0 days 01:58:16
15,Statue before BAIS Faculty,2020-12-01 09:03:18,2020-12-01 10:16:11,0 days 01:12:53
