Id,PhoneNumber,Profile
1,600804748,ServiceStaff
2,981865417,Student
3,582437123,Student
4,665645567,Student
5,664451086,ServiceStaff
6,966948763,Student
7,988326045,Student
8,859349197,Student
9,787500303,Student
10,799037178,ServiceStaff
11,639481735,Student
12,514142157,ServiceStaff
13,653144861,Student
14,722221194,Student
15,844168552,Student
16,862551438,Student
17,668653821,Student
18,512252729,Student
19,770771345,Student
20,964117674,Student
21,905453353,Student
22,710651315,Student
23,722559500,Student
24,865890967,Student
25,835862630,Student
26,615506053,Student
27,600375430,ServiceStaff
28,715927609,Student
29,799702224,ServiceStaff
30,745359166,ServiceStaff
31,985328944,Student
32,668095489,Student
33,767299124,Student
34,689117907,Student
35,705231787,Student
36,504498174,Student
37,558703198,Student
38,789806727,ServiceStaff
39,861881832,Student
40,625754423,Student
41,878608312,Student
42,972915773,Student
43,743602863,Student
44,907105417,Student
45,962485670,Student
46,541013625,Student
47,944543594,Student
48,938209507,Student
49,823421937,ServiceStaff
50,611608530,Student
51,540773869,Teacher
52,735489040,Teacher
53,701924243,Student
54,673808385,Student
55,680200573,Student
56,502029330,Student
57,550550879,Student
58,890656398,ServiceStaff
59,927501661,Student
60,645359869,Student
61,736294384,Student
62,509881751,Student
63,721033169,Student
64,538474477,ServiceStaff
65,695760091,Student
66,679009554,Student
67,549921255,Student
68,896358908,Student
69,812692975,Student
70,633726789,Student
71,574675369,Student
72,952524754,Student
73,641753498,Student
74,502082160,Teacher
75,627030197,Student
76,647820275,Student
77,962950031,Student
78,521029796,ServiceStaff
79,902896632,Student
80,749379561,Student
81,510316113,Student
82,842408049,Teacher
83,509720756,Teacher
84,968258712,Student
85,723010514,Student
86,963470927,Student
87,864721139,Student
88,534921946,Student
89,550239545,Student
90,841429265,Student
91,615155446,ServiceStaff
92,963396678,Student
93,530999163,ServiceStaff
94,790357020,Teacher
95,809008959,Student
96,748750255,Student
97,879317947,Student
98,685817986,Student
99,745743256,Student
100,869297552,Student
101,712091041,Student
102,818600344,Student
103,603537294,Student
104,602081208,ServiceStaff
105,682406044,Student
106,610129550,Student
107,507363708,Student
108,952049214,Student
109,543285379,Student
110,518172687,Student
111,895146702,Student
112,615658320,Student
113,658706738,Student
114,985357659,Student
115,749792258,Student
116,673991938,ServiceStaff
117,616833122,ServiceStaff
118,714891665,Student
119,564465884,Student
120,572646482,Student
121,734575203,Student
122,873603053,Student
123,528120720,Student
124,768128574,Student
125,779731448,ServiceStaff
126,647757610,Student
127,583756726,Student
128,780490755,Student
129,504140170,Student
130,627833915,Student
131,951123019,Student
132,709242680,ServiceStaff
133,668062217,ServiceStaff
134,711743475,Student
135,690950623,Student
136,806266303,ServiceStaff
137,799005886,Student
138,908354753,Student
139,594114093,Student
140,653660032,Student
141,561585337,Student
142,537962488,Student
143,830984629,Student
144,976805993,Student
145,893040547,Student
146,982752517,Student
147,914398180,ServiceStaff
148,769470477,Student
149,980772075,Student
150,771055959,ServiceStaff
